[2026-03-20T12:46:10.038+0000] {processor.py:161} INFO - Started process (PID=53) to work on /opt/airflow/dags/dag_parsing_kaggle.py
[2026-03-20T12:46:10.039+0000] {processor.py:830} INFO - Processing file /opt/airflow/dags/dag_parsing_kaggle.py for tasks to queue
[2026-03-20T12:46:10.041+0000] {logging_mixin.py:188} INFO - [2026-03-20T12:46:10.040+0000] {dagbag.py:545} INFO - Filling up the DagBag from /opt/airflow/dags/dag_parsing_kaggle.py
[2026-03-20T12:46:10.045+0000] {logging_mixin.py:188} INFO - [2026-03-20T12:46:10.044+0000] {dagbag.py:355} ERROR - Failed to import: /opt/airflow/dags/dag_parsing_kaggle.py
Traceback (most recent call last):
  File "/home/airflow/.local/lib/python3.11/site-packages/airflow/models/dagbag.py", line 351, in parse
    loader.exec_module(new_module)
  File "<frozen importlib._bootstrap_external>", line 940, in exec_module
  File "<frozen importlib._bootstrap>", line 241, in _call_with_frames_removed
  File "/opt/airflow/dags/dag_parsing_kaggle.py", line 6, in <module>
    import utils as u
  File "/opt/airflow/dags/utils.py", line 1, in <module>
    import kagglehub
ModuleNotFoundError: No module named 'kagglehub'
[2026-03-20T12:46:10.046+0000] {processor.py:842} WARNING - No viable dags retrieved from /opt/airflow/dags/dag_parsing_kaggle.py
[2026-03-20T12:46:10.065+0000] {processor.py:183} INFO - Processing /opt/airflow/dags/dag_parsing_kaggle.py took 0.032 seconds
[2026-03-20T12:46:40.300+0000] {processor.py:161} INFO - Started process (PID=60) to work on /opt/airflow/dags/dag_parsing_kaggle.py
[2026-03-20T12:46:40.300+0000] {processor.py:830} INFO - Processing file /opt/airflow/dags/dag_parsing_kaggle.py for tasks to queue
[2026-03-20T12:46:40.302+0000] {logging_mixin.py:188} INFO - [2026-03-20T12:46:40.302+0000] {dagbag.py:545} INFO - Filling up the DagBag from /opt/airflow/dags/dag_parsing_kaggle.py
[2026-03-20T12:46:40.304+0000] {logging_mixin.py:188} INFO - [2026-03-20T12:46:40.303+0000] {dagbag.py:355} ERROR - Failed to import: /opt/airflow/dags/dag_parsing_kaggle.py
Traceback (most recent call last):
  File "/home/airflow/.local/lib/python3.11/site-packages/airflow/models/dagbag.py", line 351, in parse
    loader.exec_module(new_module)
  File "<frozen importlib._bootstrap_external>", line 940, in exec_module
  File "<frozen importlib._bootstrap>", line 241, in _call_with_frames_removed
  File "/opt/airflow/dags/dag_parsing_kaggle.py", line 6, in <module>
    import utils as u
  File "/opt/airflow/dags/utils.py", line 1, in <module>
    import kagglehub
ModuleNotFoundError: No module named 'kagglehub'
[2026-03-20T12:46:40.305+0000] {processor.py:842} WARNING - No viable dags retrieved from /opt/airflow/dags/dag_parsing_kaggle.py
[2026-03-20T12:46:40.318+0000] {processor.py:183} INFO - Processing /opt/airflow/dags/dag_parsing_kaggle.py took 0.024 seconds
[2026-03-20T12:47:10.403+0000] {processor.py:161} INFO - Started process (PID=67) to work on /opt/airflow/dags/dag_parsing_kaggle.py
[2026-03-20T12:47:10.403+0000] {processor.py:830} INFO - Processing file /opt/airflow/dags/dag_parsing_kaggle.py for tasks to queue
[2026-03-20T12:47:10.404+0000] {logging_mixin.py:188} INFO - [2026-03-20T12:47:10.404+0000] {dagbag.py:545} INFO - Filling up the DagBag from /opt/airflow/dags/dag_parsing_kaggle.py
[2026-03-20T12:47:10.408+0000] {logging_mixin.py:188} INFO - [2026-03-20T12:47:10.406+0000] {dagbag.py:355} ERROR - Failed to import: /opt/airflow/dags/dag_parsing_kaggle.py
Traceback (most recent call last):
  File "/home/airflow/.local/lib/python3.11/site-packages/airflow/models/dagbag.py", line 351, in parse
    loader.exec_module(new_module)
  File "<frozen importlib._bootstrap_external>", line 940, in exec_module
  File "<frozen importlib._bootstrap>", line 241, in _call_with_frames_removed
  File "/opt/airflow/dags/dag_parsing_kaggle.py", line 6, in <module>
    import utils as u
  File "/opt/airflow/dags/utils.py", line 1, in <module>
    import kagglehub
ModuleNotFoundError: No module named 'kagglehub'
[2026-03-20T12:47:10.409+0000] {processor.py:842} WARNING - No viable dags retrieved from /opt/airflow/dags/dag_parsing_kaggle.py
[2026-03-20T12:47:10.427+0000] {processor.py:183} INFO - Processing /opt/airflow/dags/dag_parsing_kaggle.py took 0.029 seconds
[2026-03-20T12:47:40.509+0000] {processor.py:161} INFO - Started process (PID=74) to work on /opt/airflow/dags/dag_parsing_kaggle.py
[2026-03-20T12:47:40.513+0000] {processor.py:830} INFO - Processing file /opt/airflow/dags/dag_parsing_kaggle.py for tasks to queue
[2026-03-20T12:47:40.514+0000] {logging_mixin.py:188} INFO - [2026-03-20T12:47:40.514+0000] {dagbag.py:545} INFO - Filling up the DagBag from /opt/airflow/dags/dag_parsing_kaggle.py
[2026-03-20T12:47:40.516+0000] {logging_mixin.py:188} INFO - [2026-03-20T12:47:40.515+0000] {dagbag.py:355} ERROR - Failed to import: /opt/airflow/dags/dag_parsing_kaggle.py
Traceback (most recent call last):
  File "/home/airflow/.local/lib/python3.11/site-packages/airflow/models/dagbag.py", line 351, in parse
    loader.exec_module(new_module)
  File "<frozen importlib._bootstrap_external>", line 940, in exec_module
  File "<frozen importlib._bootstrap>", line 241, in _call_with_frames_removed
  File "/opt/airflow/dags/dag_parsing_kaggle.py", line 6, in <module>
    import utils as u
  File "/opt/airflow/dags/utils.py", line 1, in <module>
    import kagglehub
ModuleNotFoundError: No module named 'kagglehub'
[2026-03-20T12:47:40.516+0000] {processor.py:842} WARNING - No viable dags retrieved from /opt/airflow/dags/dag_parsing_kaggle.py
[2026-03-20T12:47:40.531+0000] {processor.py:183} INFO - Processing /opt/airflow/dags/dag_parsing_kaggle.py took 0.028 seconds
[2026-03-20T12:48:10.616+0000] {processor.py:161} INFO - Started process (PID=81) to work on /opt/airflow/dags/dag_parsing_kaggle.py
[2026-03-20T12:48:10.617+0000] {processor.py:830} INFO - Processing file /opt/airflow/dags/dag_parsing_kaggle.py for tasks to queue
[2026-03-20T12:48:10.618+0000] {logging_mixin.py:188} INFO - [2026-03-20T12:48:10.618+0000] {dagbag.py:545} INFO - Filling up the DagBag from /opt/airflow/dags/dag_parsing_kaggle.py
[2026-03-20T12:48:10.621+0000] {logging_mixin.py:188} INFO - [2026-03-20T12:48:10.620+0000] {dagbag.py:355} ERROR - Failed to import: /opt/airflow/dags/dag_parsing_kaggle.py
Traceback (most recent call last):
  File "/home/airflow/.local/lib/python3.11/site-packages/airflow/models/dagbag.py", line 351, in parse
    loader.exec_module(new_module)
  File "<frozen importlib._bootstrap_external>", line 940, in exec_module
  File "<frozen importlib._bootstrap>", line 241, in _call_with_frames_removed
  File "/opt/airflow/dags/dag_parsing_kaggle.py", line 6, in <module>
    import utils as u
  File "/opt/airflow/dags/utils.py", line 1, in <module>
    import kagglehub
ModuleNotFoundError: No module named 'kagglehub'
[2026-03-20T12:48:10.622+0000] {processor.py:842} WARNING - No viable dags retrieved from /opt/airflow/dags/dag_parsing_kaggle.py
[2026-03-20T12:48:10.639+0000] {processor.py:183} INFO - Processing /opt/airflow/dags/dag_parsing_kaggle.py took 0.027 seconds
[2026-03-20T12:48:40.724+0000] {processor.py:161} INFO - Started process (PID=88) to work on /opt/airflow/dags/dag_parsing_kaggle.py
[2026-03-20T12:48:40.727+0000] {processor.py:830} INFO - Processing file /opt/airflow/dags/dag_parsing_kaggle.py for tasks to queue
[2026-03-20T12:48:40.728+0000] {logging_mixin.py:188} INFO - [2026-03-20T12:48:40.728+0000] {dagbag.py:545} INFO - Filling up the DagBag from /opt/airflow/dags/dag_parsing_kaggle.py
[2026-03-20T12:48:40.730+0000] {logging_mixin.py:188} INFO - [2026-03-20T12:48:40.729+0000] {dagbag.py:355} ERROR - Failed to import: /opt/airflow/dags/dag_parsing_kaggle.py
Traceback (most recent call last):
  File "/home/airflow/.local/lib/python3.11/site-packages/airflow/models/dagbag.py", line 351, in parse
    loader.exec_module(new_module)
  File "<frozen importlib._bootstrap_external>", line 940, in exec_module
  File "<frozen importlib._bootstrap>", line 241, in _call_with_frames_removed
  File "/opt/airflow/dags/dag_parsing_kaggle.py", line 6, in <module>
    import utils as u
  File "/opt/airflow/dags/utils.py", line 1, in <module>
    import kagglehub
ModuleNotFoundError: No module named 'kagglehub'
[2026-03-20T12:48:40.730+0000] {processor.py:842} WARNING - No viable dags retrieved from /opt/airflow/dags/dag_parsing_kaggle.py
[2026-03-20T12:48:40.746+0000] {processor.py:183} INFO - Processing /opt/airflow/dags/dag_parsing_kaggle.py took 0.027 seconds
[2026-03-20T12:49:10.823+0000] {processor.py:161} INFO - Started process (PID=95) to work on /opt/airflow/dags/dag_parsing_kaggle.py
[2026-03-20T12:49:10.823+0000] {processor.py:830} INFO - Processing file /opt/airflow/dags/dag_parsing_kaggle.py for tasks to queue
[2026-03-20T12:49:10.825+0000] {logging_mixin.py:188} INFO - [2026-03-20T12:49:10.825+0000] {dagbag.py:545} INFO - Filling up the DagBag from /opt/airflow/dags/dag_parsing_kaggle.py
[2026-03-20T12:49:10.827+0000] {logging_mixin.py:188} INFO - [2026-03-20T12:49:10.826+0000] {dagbag.py:355} ERROR - Failed to import: /opt/airflow/dags/dag_parsing_kaggle.py
Traceback (most recent call last):
  File "/home/airflow/.local/lib/python3.11/site-packages/airflow/models/dagbag.py", line 351, in parse
    loader.exec_module(new_module)
  File "<frozen importlib._bootstrap_external>", line 940, in exec_module
  File "<frozen importlib._bootstrap>", line 241, in _call_with_frames_removed
  File "/opt/airflow/dags/dag_parsing_kaggle.py", line 6, in <module>
    import utils as u
  File "/opt/airflow/dags/utils.py", line 1, in <module>
    import kagglehub
ModuleNotFoundError: No module named 'kagglehub'
[2026-03-20T12:49:10.827+0000] {processor.py:842} WARNING - No viable dags retrieved from /opt/airflow/dags/dag_parsing_kaggle.py
[2026-03-20T12:49:10.846+0000] {processor.py:183} INFO - Processing /opt/airflow/dags/dag_parsing_kaggle.py took 0.029 seconds
[2026-03-20T12:49:40.928+0000] {processor.py:161} INFO - Started process (PID=102) to work on /opt/airflow/dags/dag_parsing_kaggle.py
[2026-03-20T12:49:40.930+0000] {processor.py:830} INFO - Processing file /opt/airflow/dags/dag_parsing_kaggle.py for tasks to queue
[2026-03-20T12:49:40.931+0000] {logging_mixin.py:188} INFO - [2026-03-20T12:49:40.931+0000] {dagbag.py:545} INFO - Filling up the DagBag from /opt/airflow/dags/dag_parsing_kaggle.py
[2026-03-20T12:49:40.934+0000] {logging_mixin.py:188} INFO - [2026-03-20T12:49:40.933+0000] {dagbag.py:355} ERROR - Failed to import: /opt/airflow/dags/dag_parsing_kaggle.py
Traceback (most recent call last):
  File "/home/airflow/.local/lib/python3.11/site-packages/airflow/models/dagbag.py", line 351, in parse
    loader.exec_module(new_module)
  File "<frozen importlib._bootstrap_external>", line 940, in exec_module
  File "<frozen importlib._bootstrap>", line 241, in _call_with_frames_removed
  File "/opt/airflow/dags/dag_parsing_kaggle.py", line 6, in <module>
    import utils as u
  File "/opt/airflow/dags/utils.py", line 1, in <module>
    import kagglehub
ModuleNotFoundError: No module named 'kagglehub'
[2026-03-20T12:49:40.934+0000] {processor.py:842} WARNING - No viable dags retrieved from /opt/airflow/dags/dag_parsing_kaggle.py
[2026-03-20T12:49:40.952+0000] {processor.py:183} INFO - Processing /opt/airflow/dags/dag_parsing_kaggle.py took 0.029 seconds
[2026-03-20T12:50:11.034+0000] {processor.py:161} INFO - Started process (PID=109) to work on /opt/airflow/dags/dag_parsing_kaggle.py
[2026-03-20T12:50:11.035+0000] {processor.py:830} INFO - Processing file /opt/airflow/dags/dag_parsing_kaggle.py for tasks to queue
[2026-03-20T12:50:11.036+0000] {logging_mixin.py:188} INFO - [2026-03-20T12:50:11.036+0000] {dagbag.py:545} INFO - Filling up the DagBag from /opt/airflow/dags/dag_parsing_kaggle.py
[2026-03-20T12:50:11.039+0000] {logging_mixin.py:188} INFO - [2026-03-20T12:50:11.038+0000] {dagbag.py:355} ERROR - Failed to import: /opt/airflow/dags/dag_parsing_kaggle.py
Traceback (most recent call last):
  File "/home/airflow/.local/lib/python3.11/site-packages/airflow/models/dagbag.py", line 351, in parse
    loader.exec_module(new_module)
  File "<frozen importlib._bootstrap_external>", line 940, in exec_module
  File "<frozen importlib._bootstrap>", line 241, in _call_with_frames_removed
  File "/opt/airflow/dags/dag_parsing_kaggle.py", line 6, in <module>
    import utils as u
  File "/opt/airflow/dags/utils.py", line 1, in <module>
    import kagglehub
ModuleNotFoundError: No module named 'kagglehub'
[2026-03-20T12:50:11.039+0000] {processor.py:842} WARNING - No viable dags retrieved from /opt/airflow/dags/dag_parsing_kaggle.py
[2026-03-20T12:50:11.057+0000] {processor.py:183} INFO - Processing /opt/airflow/dags/dag_parsing_kaggle.py took 0.028 seconds
[2026-03-20T12:50:41.136+0000] {processor.py:161} INFO - Started process (PID=116) to work on /opt/airflow/dags/dag_parsing_kaggle.py
[2026-03-20T12:50:41.137+0000] {processor.py:830} INFO - Processing file /opt/airflow/dags/dag_parsing_kaggle.py for tasks to queue
[2026-03-20T12:50:41.138+0000] {logging_mixin.py:188} INFO - [2026-03-20T12:50:41.138+0000] {dagbag.py:545} INFO - Filling up the DagBag from /opt/airflow/dags/dag_parsing_kaggle.py
[2026-03-20T12:50:41.140+0000] {logging_mixin.py:188} INFO - [2026-03-20T12:50:41.139+0000] {dagbag.py:355} ERROR - Failed to import: /opt/airflow/dags/dag_parsing_kaggle.py
Traceback (most recent call last):
  File "/home/airflow/.local/lib/python3.11/site-packages/airflow/models/dagbag.py", line 351, in parse
    loader.exec_module(new_module)
  File "<frozen importlib._bootstrap_external>", line 940, in exec_module
  File "<frozen importlib._bootstrap>", line 241, in _call_with_frames_removed
  File "/opt/airflow/dags/dag_parsing_kaggle.py", line 6, in <module>
    import utils as u
  File "/opt/airflow/dags/utils.py", line 1, in <module>
    import kagglehub
ModuleNotFoundError: No module named 'kagglehub'
[2026-03-20T12:50:41.141+0000] {processor.py:842} WARNING - No viable dags retrieved from /opt/airflow/dags/dag_parsing_kaggle.py
[2026-03-20T12:50:41.157+0000] {processor.py:183} INFO - Processing /opt/airflow/dags/dag_parsing_kaggle.py took 0.025 seconds
[2026-03-20T12:51:11.241+0000] {processor.py:161} INFO - Started process (PID=123) to work on /opt/airflow/dags/dag_parsing_kaggle.py
[2026-03-20T12:51:11.242+0000] {processor.py:830} INFO - Processing file /opt/airflow/dags/dag_parsing_kaggle.py for tasks to queue
[2026-03-20T12:51:11.244+0000] {logging_mixin.py:188} INFO - [2026-03-20T12:51:11.243+0000] {dagbag.py:545} INFO - Filling up the DagBag from /opt/airflow/dags/dag_parsing_kaggle.py
[2026-03-20T12:51:11.246+0000] {logging_mixin.py:188} INFO - [2026-03-20T12:51:11.245+0000] {dagbag.py:355} ERROR - Failed to import: /opt/airflow/dags/dag_parsing_kaggle.py
Traceback (most recent call last):
  File "/home/airflow/.local/lib/python3.11/site-packages/airflow/models/dagbag.py", line 351, in parse
    loader.exec_module(new_module)
  File "<frozen importlib._bootstrap_external>", line 940, in exec_module
  File "<frozen importlib._bootstrap>", line 241, in _call_with_frames_removed
  File "/opt/airflow/dags/dag_parsing_kaggle.py", line 6, in <module>
    import utils as u
  File "/opt/airflow/dags/utils.py", line 1, in <module>
    import kagglehub
ModuleNotFoundError: No module named 'kagglehub'
[2026-03-20T12:51:11.247+0000] {processor.py:842} WARNING - No viable dags retrieved from /opt/airflow/dags/dag_parsing_kaggle.py
[2026-03-20T12:51:11.263+0000] {processor.py:183} INFO - Processing /opt/airflow/dags/dag_parsing_kaggle.py took 0.026 seconds
[2026-03-20T12:51:41.352+0000] {processor.py:161} INFO - Started process (PID=129) to work on /opt/airflow/dags/dag_parsing_kaggle.py
[2026-03-20T12:51:41.355+0000] {processor.py:830} INFO - Processing file /opt/airflow/dags/dag_parsing_kaggle.py for tasks to queue
[2026-03-20T12:51:41.356+0000] {logging_mixin.py:188} INFO - [2026-03-20T12:51:41.356+0000] {dagbag.py:545} INFO - Filling up the DagBag from /opt/airflow/dags/dag_parsing_kaggle.py
[2026-03-20T12:51:41.358+0000] {logging_mixin.py:188} INFO - [2026-03-20T12:51:41.357+0000] {dagbag.py:355} ERROR - Failed to import: /opt/airflow/dags/dag_parsing_kaggle.py
Traceback (most recent call last):
  File "/home/airflow/.local/lib/python3.11/site-packages/airflow/models/dagbag.py", line 351, in parse
    loader.exec_module(new_module)
  File "<frozen importlib._bootstrap_external>", line 940, in exec_module
  File "<frozen importlib._bootstrap>", line 241, in _call_with_frames_removed
  File "/opt/airflow/dags/dag_parsing_kaggle.py", line 6, in <module>
    import utils as u
  File "/opt/airflow/dags/utils.py", line 1, in <module>
    import kagglehub
ModuleNotFoundError: No module named 'kagglehub'
[2026-03-20T12:51:41.358+0000] {processor.py:842} WARNING - No viable dags retrieved from /opt/airflow/dags/dag_parsing_kaggle.py
[2026-03-20T12:51:41.376+0000] {processor.py:183} INFO - Processing /opt/airflow/dags/dag_parsing_kaggle.py took 0.028 seconds
[2026-03-20T12:52:11.452+0000] {processor.py:161} INFO - Started process (PID=136) to work on /opt/airflow/dags/dag_parsing_kaggle.py
[2026-03-20T12:52:11.452+0000] {processor.py:830} INFO - Processing file /opt/airflow/dags/dag_parsing_kaggle.py for tasks to queue
[2026-03-20T12:52:11.453+0000] {logging_mixin.py:188} INFO - [2026-03-20T12:52:11.453+0000] {dagbag.py:545} INFO - Filling up the DagBag from /opt/airflow/dags/dag_parsing_kaggle.py
[2026-03-20T12:52:11.456+0000] {logging_mixin.py:188} INFO - [2026-03-20T12:52:11.455+0000] {dagbag.py:355} ERROR - Failed to import: /opt/airflow/dags/dag_parsing_kaggle.py
Traceback (most recent call last):
  File "/home/airflow/.local/lib/python3.11/site-packages/airflow/models/dagbag.py", line 351, in parse
    loader.exec_module(new_module)
  File "<frozen importlib._bootstrap_external>", line 940, in exec_module
  File "<frozen importlib._bootstrap>", line 241, in _call_with_frames_removed
  File "/opt/airflow/dags/dag_parsing_kaggle.py", line 6, in <module>
    import utils as u
  File "/opt/airflow/dags/utils.py", line 1, in <module>
    import kagglehub
ModuleNotFoundError: No module named 'kagglehub'
[2026-03-20T12:52:11.456+0000] {processor.py:842} WARNING - No viable dags retrieved from /opt/airflow/dags/dag_parsing_kaggle.py
[2026-03-20T12:52:11.471+0000] {processor.py:183} INFO - Processing /opt/airflow/dags/dag_parsing_kaggle.py took 0.023 seconds
[2026-03-20T12:52:41.549+0000] {processor.py:161} INFO - Started process (PID=143) to work on /opt/airflow/dags/dag_parsing_kaggle.py
[2026-03-20T12:52:41.550+0000] {processor.py:830} INFO - Processing file /opt/airflow/dags/dag_parsing_kaggle.py for tasks to queue
[2026-03-20T12:52:41.551+0000] {logging_mixin.py:188} INFO - [2026-03-20T12:52:41.551+0000] {dagbag.py:545} INFO - Filling up the DagBag from /opt/airflow/dags/dag_parsing_kaggle.py
[2026-03-20T12:52:41.554+0000] {logging_mixin.py:188} INFO - [2026-03-20T12:52:41.553+0000] {dagbag.py:355} ERROR - Failed to import: /opt/airflow/dags/dag_parsing_kaggle.py
Traceback (most recent call last):
  File "/home/airflow/.local/lib/python3.11/site-packages/airflow/models/dagbag.py", line 351, in parse
    loader.exec_module(new_module)
  File "<frozen importlib._bootstrap_external>", line 940, in exec_module
  File "<frozen importlib._bootstrap>", line 241, in _call_with_frames_removed
  File "/opt/airflow/dags/dag_parsing_kaggle.py", line 6, in <module>
    import utils as u
  File "/opt/airflow/dags/utils.py", line 1, in <module>
    import kagglehub
ModuleNotFoundError: No module named 'kagglehub'
[2026-03-20T12:52:41.554+0000] {processor.py:842} WARNING - No viable dags retrieved from /opt/airflow/dags/dag_parsing_kaggle.py
[2026-03-20T12:52:41.568+0000] {processor.py:183} INFO - Processing /opt/airflow/dags/dag_parsing_kaggle.py took 0.022 seconds
[2026-03-20T12:53:11.654+0000] {processor.py:161} INFO - Started process (PID=150) to work on /opt/airflow/dags/dag_parsing_kaggle.py
[2026-03-20T12:53:11.655+0000] {processor.py:830} INFO - Processing file /opt/airflow/dags/dag_parsing_kaggle.py for tasks to queue
[2026-03-20T12:53:11.657+0000] {logging_mixin.py:188} INFO - [2026-03-20T12:53:11.657+0000] {dagbag.py:545} INFO - Filling up the DagBag from /opt/airflow/dags/dag_parsing_kaggle.py
[2026-03-20T12:53:11.662+0000] {logging_mixin.py:188} INFO - [2026-03-20T12:53:11.661+0000] {dagbag.py:355} ERROR - Failed to import: /opt/airflow/dags/dag_parsing_kaggle.py
Traceback (most recent call last):
  File "/home/airflow/.local/lib/python3.11/site-packages/airflow/models/dagbag.py", line 351, in parse
    loader.exec_module(new_module)
  File "<frozen importlib._bootstrap_external>", line 940, in exec_module
  File "<frozen importlib._bootstrap>", line 241, in _call_with_frames_removed
  File "/opt/airflow/dags/dag_parsing_kaggle.py", line 6, in <module>
    import utils as u
  File "/opt/airflow/dags/utils.py", line 1, in <module>
    import kagglehub
ModuleNotFoundError: No module named 'kagglehub'
[2026-03-20T12:53:11.662+0000] {processor.py:842} WARNING - No viable dags retrieved from /opt/airflow/dags/dag_parsing_kaggle.py
[2026-03-20T12:53:11.679+0000] {processor.py:183} INFO - Processing /opt/airflow/dags/dag_parsing_kaggle.py took 0.029 seconds
[2026-03-20T12:53:41.756+0000] {processor.py:161} INFO - Started process (PID=157) to work on /opt/airflow/dags/dag_parsing_kaggle.py
[2026-03-20T12:53:41.759+0000] {processor.py:830} INFO - Processing file /opt/airflow/dags/dag_parsing_kaggle.py for tasks to queue
[2026-03-20T12:53:41.760+0000] {logging_mixin.py:188} INFO - [2026-03-20T12:53:41.760+0000] {dagbag.py:545} INFO - Filling up the DagBag from /opt/airflow/dags/dag_parsing_kaggle.py
[2026-03-20T12:53:41.763+0000] {logging_mixin.py:188} INFO - [2026-03-20T12:53:41.762+0000] {dagbag.py:355} ERROR - Failed to import: /opt/airflow/dags/dag_parsing_kaggle.py
Traceback (most recent call last):
  File "/home/airflow/.local/lib/python3.11/site-packages/airflow/models/dagbag.py", line 351, in parse
    loader.exec_module(new_module)
  File "<frozen importlib._bootstrap_external>", line 940, in exec_module
  File "<frozen importlib._bootstrap>", line 241, in _call_with_frames_removed
  File "/opt/airflow/dags/dag_parsing_kaggle.py", line 6, in <module>
    import utils as u
  File "/opt/airflow/dags/utils.py", line 1, in <module>
    import kagglehub
ModuleNotFoundError: No module named 'kagglehub'
[2026-03-20T12:53:41.763+0000] {processor.py:842} WARNING - No viable dags retrieved from /opt/airflow/dags/dag_parsing_kaggle.py
[2026-03-20T12:53:41.784+0000] {processor.py:183} INFO - Processing /opt/airflow/dags/dag_parsing_kaggle.py took 0.032 seconds
[2026-03-20T12:54:11.862+0000] {processor.py:161} INFO - Started process (PID=164) to work on /opt/airflow/dags/dag_parsing_kaggle.py
[2026-03-20T12:54:11.863+0000] {processor.py:830} INFO - Processing file /opt/airflow/dags/dag_parsing_kaggle.py for tasks to queue
[2026-03-20T12:54:11.864+0000] {logging_mixin.py:188} INFO - [2026-03-20T12:54:11.863+0000] {dagbag.py:545} INFO - Filling up the DagBag from /opt/airflow/dags/dag_parsing_kaggle.py
[2026-03-20T12:54:11.866+0000] {logging_mixin.py:188} INFO - [2026-03-20T12:54:11.865+0000] {dagbag.py:355} ERROR - Failed to import: /opt/airflow/dags/dag_parsing_kaggle.py
Traceback (most recent call last):
  File "/home/airflow/.local/lib/python3.11/site-packages/airflow/models/dagbag.py", line 351, in parse
    loader.exec_module(new_module)
  File "<frozen importlib._bootstrap_external>", line 940, in exec_module
  File "<frozen importlib._bootstrap>", line 241, in _call_with_frames_removed
  File "/opt/airflow/dags/dag_parsing_kaggle.py", line 6, in <module>
    import utils as u
  File "/opt/airflow/dags/utils.py", line 1, in <module>
    import kagglehub
ModuleNotFoundError: No module named 'kagglehub'
[2026-03-20T12:54:11.866+0000] {processor.py:842} WARNING - No viable dags retrieved from /opt/airflow/dags/dag_parsing_kaggle.py
[2026-03-20T12:54:11.880+0000] {processor.py:183} INFO - Processing /opt/airflow/dags/dag_parsing_kaggle.py took 0.021 seconds
[2026-03-20T12:54:41.967+0000] {processor.py:161} INFO - Started process (PID=171) to work on /opt/airflow/dags/dag_parsing_kaggle.py
[2026-03-20T12:54:41.971+0000] {processor.py:830} INFO - Processing file /opt/airflow/dags/dag_parsing_kaggle.py for tasks to queue
[2026-03-20T12:54:41.971+0000] {logging_mixin.py:188} INFO - [2026-03-20T12:54:41.971+0000] {dagbag.py:545} INFO - Filling up the DagBag from /opt/airflow/dags/dag_parsing_kaggle.py
[2026-03-20T12:54:41.974+0000] {logging_mixin.py:188} INFO - [2026-03-20T12:54:41.974+0000] {dagbag.py:355} ERROR - Failed to import: /opt/airflow/dags/dag_parsing_kaggle.py
Traceback (most recent call last):
  File "/home/airflow/.local/lib/python3.11/site-packages/airflow/models/dagbag.py", line 351, in parse
    loader.exec_module(new_module)
  File "<frozen importlib._bootstrap_external>", line 940, in exec_module
  File "<frozen importlib._bootstrap>", line 241, in _call_with_frames_removed
  File "/opt/airflow/dags/dag_parsing_kaggle.py", line 6, in <module>
    import utils as u
  File "/opt/airflow/dags/utils.py", line 1, in <module>
    import kagglehub
ModuleNotFoundError: No module named 'kagglehub'
[2026-03-20T12:54:41.975+0000] {processor.py:842} WARNING - No viable dags retrieved from /opt/airflow/dags/dag_parsing_kaggle.py
[2026-03-20T12:54:41.988+0000] {processor.py:183} INFO - Processing /opt/airflow/dags/dag_parsing_kaggle.py took 0.024 seconds
[2026-03-20T12:55:12.075+0000] {processor.py:161} INFO - Started process (PID=178) to work on /opt/airflow/dags/dag_parsing_kaggle.py
[2026-03-20T12:55:12.075+0000] {processor.py:830} INFO - Processing file /opt/airflow/dags/dag_parsing_kaggle.py for tasks to queue
[2026-03-20T12:55:12.076+0000] {logging_mixin.py:188} INFO - [2026-03-20T12:55:12.076+0000] {dagbag.py:545} INFO - Filling up the DagBag from /opt/airflow/dags/dag_parsing_kaggle.py
[2026-03-20T12:55:12.079+0000] {logging_mixin.py:188} INFO - [2026-03-20T12:55:12.078+0000] {dagbag.py:355} ERROR - Failed to import: /opt/airflow/dags/dag_parsing_kaggle.py
Traceback (most recent call last):
  File "/home/airflow/.local/lib/python3.11/site-packages/airflow/models/dagbag.py", line 351, in parse
    loader.exec_module(new_module)
  File "<frozen importlib._bootstrap_external>", line 940, in exec_module
  File "<frozen importlib._bootstrap>", line 241, in _call_with_frames_removed
  File "/opt/airflow/dags/dag_parsing_kaggle.py", line 6, in <module>
    import utils as u
  File "/opt/airflow/dags/utils.py", line 1, in <module>
    import kagglehub
ModuleNotFoundError: No module named 'kagglehub'
[2026-03-20T12:55:12.079+0000] {processor.py:842} WARNING - No viable dags retrieved from /opt/airflow/dags/dag_parsing_kaggle.py
[2026-03-20T12:55:12.095+0000] {processor.py:183} INFO - Processing /opt/airflow/dags/dag_parsing_kaggle.py took 0.024 seconds
[2026-03-20T12:55:42.189+0000] {processor.py:161} INFO - Started process (PID=185) to work on /opt/airflow/dags/dag_parsing_kaggle.py
[2026-03-20T12:55:42.192+0000] {processor.py:830} INFO - Processing file /opt/airflow/dags/dag_parsing_kaggle.py for tasks to queue
[2026-03-20T12:55:42.193+0000] {logging_mixin.py:188} INFO - [2026-03-20T12:55:42.193+0000] {dagbag.py:545} INFO - Filling up the DagBag from /opt/airflow/dags/dag_parsing_kaggle.py
[2026-03-20T12:55:42.196+0000] {logging_mixin.py:188} INFO - [2026-03-20T12:55:42.195+0000] {dagbag.py:355} ERROR - Failed to import: /opt/airflow/dags/dag_parsing_kaggle.py
Traceback (most recent call last):
  File "/home/airflow/.local/lib/python3.11/site-packages/airflow/models/dagbag.py", line 351, in parse
    loader.exec_module(new_module)
  File "<frozen importlib._bootstrap_external>", line 940, in exec_module
  File "<frozen importlib._bootstrap>", line 241, in _call_with_frames_removed
  File "/opt/airflow/dags/dag_parsing_kaggle.py", line 6, in <module>
    import utils as u
  File "/opt/airflow/dags/utils.py", line 1, in <module>
    import kagglehub
ModuleNotFoundError: No module named 'kagglehub'
[2026-03-20T12:55:42.197+0000] {processor.py:842} WARNING - No viable dags retrieved from /opt/airflow/dags/dag_parsing_kaggle.py
[2026-03-20T12:55:42.211+0000] {processor.py:183} INFO - Processing /opt/airflow/dags/dag_parsing_kaggle.py took 0.027 seconds
[2026-03-20T12:56:12.295+0000] {processor.py:161} INFO - Started process (PID=192) to work on /opt/airflow/dags/dag_parsing_kaggle.py
[2026-03-20T12:56:12.296+0000] {processor.py:830} INFO - Processing file /opt/airflow/dags/dag_parsing_kaggle.py for tasks to queue
[2026-03-20T12:56:12.298+0000] {logging_mixin.py:188} INFO - [2026-03-20T12:56:12.298+0000] {dagbag.py:545} INFO - Filling up the DagBag from /opt/airflow/dags/dag_parsing_kaggle.py
[2026-03-20T12:56:12.300+0000] {logging_mixin.py:188} INFO - [2026-03-20T12:56:12.299+0000] {dagbag.py:355} ERROR - Failed to import: /opt/airflow/dags/dag_parsing_kaggle.py
Traceback (most recent call last):
  File "/home/airflow/.local/lib/python3.11/site-packages/airflow/models/dagbag.py", line 351, in parse
    loader.exec_module(new_module)
  File "<frozen importlib._bootstrap_external>", line 940, in exec_module
  File "<frozen importlib._bootstrap>", line 241, in _call_with_frames_removed
  File "/opt/airflow/dags/dag_parsing_kaggle.py", line 6, in <module>
    import utils as u
  File "/opt/airflow/dags/utils.py", line 1, in <module>
    import kagglehub
ModuleNotFoundError: No module named 'kagglehub'
[2026-03-20T12:56:12.300+0000] {processor.py:842} WARNING - No viable dags retrieved from /opt/airflow/dags/dag_parsing_kaggle.py
[2026-03-20T12:56:12.317+0000] {processor.py:183} INFO - Processing /opt/airflow/dags/dag_parsing_kaggle.py took 0.028 seconds
[2026-03-20T12:56:42.397+0000] {processor.py:161} INFO - Started process (PID=199) to work on /opt/airflow/dags/dag_parsing_kaggle.py
[2026-03-20T12:56:42.401+0000] {processor.py:830} INFO - Processing file /opt/airflow/dags/dag_parsing_kaggle.py for tasks to queue
[2026-03-20T12:56:42.402+0000] {logging_mixin.py:188} INFO - [2026-03-20T12:56:42.402+0000] {dagbag.py:545} INFO - Filling up the DagBag from /opt/airflow/dags/dag_parsing_kaggle.py
[2026-03-20T12:56:42.404+0000] {logging_mixin.py:188} INFO - [2026-03-20T12:56:42.403+0000] {dagbag.py:355} ERROR - Failed to import: /opt/airflow/dags/dag_parsing_kaggle.py
Traceback (most recent call last):
  File "/home/airflow/.local/lib/python3.11/site-packages/airflow/models/dagbag.py", line 351, in parse
    loader.exec_module(new_module)
  File "<frozen importlib._bootstrap_external>", line 940, in exec_module
  File "<frozen importlib._bootstrap>", line 241, in _call_with_frames_removed
  File "/opt/airflow/dags/dag_parsing_kaggle.py", line 6, in <module>
    import utils as u
  File "/opt/airflow/dags/utils.py", line 1, in <module>
    import kagglehub
ModuleNotFoundError: No module named 'kagglehub'
[2026-03-20T12:56:42.404+0000] {processor.py:842} WARNING - No viable dags retrieved from /opt/airflow/dags/dag_parsing_kaggle.py
[2026-03-20T12:56:42.418+0000] {processor.py:183} INFO - Processing /opt/airflow/dags/dag_parsing_kaggle.py took 0.028 seconds
[2026-03-20T12:57:12.503+0000] {processor.py:161} INFO - Started process (PID=206) to work on /opt/airflow/dags/dag_parsing_kaggle.py
[2026-03-20T12:57:12.504+0000] {processor.py:830} INFO - Processing file /opt/airflow/dags/dag_parsing_kaggle.py for tasks to queue
[2026-03-20T12:57:12.505+0000] {logging_mixin.py:188} INFO - [2026-03-20T12:57:12.505+0000] {dagbag.py:545} INFO - Filling up the DagBag from /opt/airflow/dags/dag_parsing_kaggle.py
[2026-03-20T12:57:12.507+0000] {logging_mixin.py:188} INFO - [2026-03-20T12:57:12.506+0000] {dagbag.py:355} ERROR - Failed to import: /opt/airflow/dags/dag_parsing_kaggle.py
Traceback (most recent call last):
  File "/home/airflow/.local/lib/python3.11/site-packages/airflow/models/dagbag.py", line 351, in parse
    loader.exec_module(new_module)
  File "<frozen importlib._bootstrap_external>", line 940, in exec_module
  File "<frozen importlib._bootstrap>", line 241, in _call_with_frames_removed
  File "/opt/airflow/dags/dag_parsing_kaggle.py", line 6, in <module>
    import utils as u
  File "/opt/airflow/dags/utils.py", line 1, in <module>
    import kagglehub
ModuleNotFoundError: No module named 'kagglehub'
[2026-03-20T12:57:12.507+0000] {processor.py:842} WARNING - No viable dags retrieved from /opt/airflow/dags/dag_parsing_kaggle.py
[2026-03-20T12:57:12.521+0000] {processor.py:183} INFO - Processing /opt/airflow/dags/dag_parsing_kaggle.py took 0.023 seconds
[2026-03-20T12:57:42.605+0000] {processor.py:161} INFO - Started process (PID=213) to work on /opt/airflow/dags/dag_parsing_kaggle.py
[2026-03-20T12:57:42.605+0000] {processor.py:830} INFO - Processing file /opt/airflow/dags/dag_parsing_kaggle.py for tasks to queue
[2026-03-20T12:57:42.606+0000] {logging_mixin.py:188} INFO - [2026-03-20T12:57:42.606+0000] {dagbag.py:545} INFO - Filling up the DagBag from /opt/airflow/dags/dag_parsing_kaggle.py
[2026-03-20T12:57:42.608+0000] {logging_mixin.py:188} INFO - [2026-03-20T12:57:42.607+0000] {dagbag.py:355} ERROR - Failed to import: /opt/airflow/dags/dag_parsing_kaggle.py
Traceback (most recent call last):
  File "/home/airflow/.local/lib/python3.11/site-packages/airflow/models/dagbag.py", line 351, in parse
    loader.exec_module(new_module)
  File "<frozen importlib._bootstrap_external>", line 940, in exec_module
  File "<frozen importlib._bootstrap>", line 241, in _call_with_frames_removed
  File "/opt/airflow/dags/dag_parsing_kaggle.py", line 6, in <module>
    import utils as u
  File "/opt/airflow/dags/utils.py", line 1, in <module>
    import kagglehub
ModuleNotFoundError: No module named 'kagglehub'
[2026-03-20T12:57:42.608+0000] {processor.py:842} WARNING - No viable dags retrieved from /opt/airflow/dags/dag_parsing_kaggle.py
[2026-03-20T12:57:42.627+0000] {processor.py:183} INFO - Processing /opt/airflow/dags/dag_parsing_kaggle.py took 0.026 seconds
[2026-03-20T12:58:42.612+0000] {processor.py:161} INFO - Started process (PID=53) to work on /opt/airflow/dags/dag_parsing_kaggle.py
[2026-03-20T12:58:42.613+0000] {processor.py:830} INFO - Processing file /opt/airflow/dags/dag_parsing_kaggle.py for tasks to queue
[2026-03-20T12:58:42.615+0000] {logging_mixin.py:188} INFO - [2026-03-20T12:58:42.615+0000] {dagbag.py:545} INFO - Filling up the DagBag from /opt/airflow/dags/dag_parsing_kaggle.py
[2026-03-20T12:58:42.620+0000] {logging_mixin.py:188} INFO - [2026-03-20T12:58:42.618+0000] {dagbag.py:355} ERROR - Failed to import: /opt/airflow/dags/dag_parsing_kaggle.py
Traceback (most recent call last):
  File "/home/airflow/.local/lib/python3.11/site-packages/airflow/models/dagbag.py", line 351, in parse
    loader.exec_module(new_module)
  File "<frozen importlib._bootstrap_external>", line 940, in exec_module
  File "<frozen importlib._bootstrap>", line 241, in _call_with_frames_removed
  File "/opt/airflow/dags/dag_parsing_kaggle.py", line 6, in <module>
    import utils as u
  File "/opt/airflow/dags/utils.py", line 1, in <module>
    import kagglehub
ModuleNotFoundError: No module named 'kagglehub'
[2026-03-20T12:58:42.620+0000] {processor.py:842} WARNING - No viable dags retrieved from /opt/airflow/dags/dag_parsing_kaggle.py
[2026-03-20T12:58:42.639+0000] {processor.py:183} INFO - Processing /opt/airflow/dags/dag_parsing_kaggle.py took 0.033 seconds
[2026-03-20T12:59:12.870+0000] {processor.py:161} INFO - Started process (PID=60) to work on /opt/airflow/dags/dag_parsing_kaggle.py
[2026-03-20T12:59:12.871+0000] {processor.py:830} INFO - Processing file /opt/airflow/dags/dag_parsing_kaggle.py for tasks to queue
[2026-03-20T12:59:12.872+0000] {logging_mixin.py:188} INFO - [2026-03-20T12:59:12.872+0000] {dagbag.py:545} INFO - Filling up the DagBag from /opt/airflow/dags/dag_parsing_kaggle.py
[2026-03-20T12:59:12.875+0000] {logging_mixin.py:188} INFO - [2026-03-20T12:59:12.874+0000] {dagbag.py:355} ERROR - Failed to import: /opt/airflow/dags/dag_parsing_kaggle.py
Traceback (most recent call last):
  File "/home/airflow/.local/lib/python3.11/site-packages/airflow/models/dagbag.py", line 351, in parse
    loader.exec_module(new_module)
  File "<frozen importlib._bootstrap_external>", line 940, in exec_module
  File "<frozen importlib._bootstrap>", line 241, in _call_with_frames_removed
  File "/opt/airflow/dags/dag_parsing_kaggle.py", line 6, in <module>
    import utils as u
  File "/opt/airflow/dags/utils.py", line 1, in <module>
    import kagglehub
ModuleNotFoundError: No module named 'kagglehub'
[2026-03-20T12:59:12.875+0000] {processor.py:842} WARNING - No viable dags retrieved from /opt/airflow/dags/dag_parsing_kaggle.py
[2026-03-20T12:59:12.888+0000] {processor.py:183} INFO - Processing /opt/airflow/dags/dag_parsing_kaggle.py took 0.022 seconds
[2026-03-20T12:59:42.967+0000] {processor.py:161} INFO - Started process (PID=67) to work on /opt/airflow/dags/dag_parsing_kaggle.py
[2026-03-20T12:59:42.968+0000] {processor.py:830} INFO - Processing file /opt/airflow/dags/dag_parsing_kaggle.py for tasks to queue
[2026-03-20T12:59:42.969+0000] {logging_mixin.py:188} INFO - [2026-03-20T12:59:42.969+0000] {dagbag.py:545} INFO - Filling up the DagBag from /opt/airflow/dags/dag_parsing_kaggle.py
[2026-03-20T12:59:42.971+0000] {logging_mixin.py:188} INFO - [2026-03-20T12:59:42.970+0000] {dagbag.py:355} ERROR - Failed to import: /opt/airflow/dags/dag_parsing_kaggle.py
Traceback (most recent call last):
  File "/home/airflow/.local/lib/python3.11/site-packages/airflow/models/dagbag.py", line 351, in parse
    loader.exec_module(new_module)
  File "<frozen importlib._bootstrap_external>", line 940, in exec_module
  File "<frozen importlib._bootstrap>", line 241, in _call_with_frames_removed
  File "/opt/airflow/dags/dag_parsing_kaggle.py", line 6, in <module>
    import utils as u
  File "/opt/airflow/dags/utils.py", line 1, in <module>
    import kagglehub
ModuleNotFoundError: No module named 'kagglehub'
[2026-03-20T12:59:42.971+0000] {processor.py:842} WARNING - No viable dags retrieved from /opt/airflow/dags/dag_parsing_kaggle.py
[2026-03-20T12:59:42.991+0000] {processor.py:183} INFO - Processing /opt/airflow/dags/dag_parsing_kaggle.py took 0.030 seconds
[2026-03-20T13:00:13.074+0000] {processor.py:161} INFO - Started process (PID=74) to work on /opt/airflow/dags/dag_parsing_kaggle.py
[2026-03-20T13:00:13.074+0000] {processor.py:830} INFO - Processing file /opt/airflow/dags/dag_parsing_kaggle.py for tasks to queue
[2026-03-20T13:00:13.075+0000] {logging_mixin.py:188} INFO - [2026-03-20T13:00:13.075+0000] {dagbag.py:545} INFO - Filling up the DagBag from /opt/airflow/dags/dag_parsing_kaggle.py
[2026-03-20T13:00:13.078+0000] {logging_mixin.py:188} INFO - [2026-03-20T13:00:13.077+0000] {dagbag.py:355} ERROR - Failed to import: /opt/airflow/dags/dag_parsing_kaggle.py
Traceback (most recent call last):
  File "/home/airflow/.local/lib/python3.11/site-packages/airflow/models/dagbag.py", line 351, in parse
    loader.exec_module(new_module)
  File "<frozen importlib._bootstrap_external>", line 940, in exec_module
  File "<frozen importlib._bootstrap>", line 241, in _call_with_frames_removed
  File "/opt/airflow/dags/dag_parsing_kaggle.py", line 6, in <module>
    import utils as u
  File "/opt/airflow/dags/utils.py", line 1, in <module>
    import kagglehub
ModuleNotFoundError: No module named 'kagglehub'
[2026-03-20T13:00:13.078+0000] {processor.py:842} WARNING - No viable dags retrieved from /opt/airflow/dags/dag_parsing_kaggle.py
[2026-03-20T13:00:13.093+0000] {processor.py:183} INFO - Processing /opt/airflow/dags/dag_parsing_kaggle.py took 0.024 seconds
[2026-03-20T13:00:43.188+0000] {processor.py:161} INFO - Started process (PID=81) to work on /opt/airflow/dags/dag_parsing_kaggle.py
[2026-03-20T13:00:43.191+0000] {processor.py:830} INFO - Processing file /opt/airflow/dags/dag_parsing_kaggle.py for tasks to queue
[2026-03-20T13:00:43.191+0000] {logging_mixin.py:188} INFO - [2026-03-20T13:00:43.191+0000] {dagbag.py:545} INFO - Filling up the DagBag from /opt/airflow/dags/dag_parsing_kaggle.py
[2026-03-20T13:00:43.194+0000] {logging_mixin.py:188} INFO - [2026-03-20T13:00:43.193+0000] {dagbag.py:355} ERROR - Failed to import: /opt/airflow/dags/dag_parsing_kaggle.py
Traceback (most recent call last):
  File "/home/airflow/.local/lib/python3.11/site-packages/airflow/models/dagbag.py", line 351, in parse
    loader.exec_module(new_module)
  File "<frozen importlib._bootstrap_external>", line 940, in exec_module
  File "<frozen importlib._bootstrap>", line 241, in _call_with_frames_removed
  File "/opt/airflow/dags/dag_parsing_kaggle.py", line 6, in <module>
    import utils as u
  File "/opt/airflow/dags/utils.py", line 1, in <module>
    import kagglehub
ModuleNotFoundError: No module named 'kagglehub'
[2026-03-20T13:00:43.194+0000] {processor.py:842} WARNING - No viable dags retrieved from /opt/airflow/dags/dag_parsing_kaggle.py
[2026-03-20T13:00:43.206+0000] {processor.py:183} INFO - Processing /opt/airflow/dags/dag_parsing_kaggle.py took 0.023 seconds
[2026-03-20T13:01:13.294+0000] {processor.py:161} INFO - Started process (PID=88) to work on /opt/airflow/dags/dag_parsing_kaggle.py
[2026-03-20T13:01:13.295+0000] {processor.py:830} INFO - Processing file /opt/airflow/dags/dag_parsing_kaggle.py for tasks to queue
[2026-03-20T13:01:13.296+0000] {logging_mixin.py:188} INFO - [2026-03-20T13:01:13.296+0000] {dagbag.py:545} INFO - Filling up the DagBag from /opt/airflow/dags/dag_parsing_kaggle.py
[2026-03-20T13:01:13.299+0000] {logging_mixin.py:188} INFO - [2026-03-20T13:01:13.298+0000] {dagbag.py:355} ERROR - Failed to import: /opt/airflow/dags/dag_parsing_kaggle.py
Traceback (most recent call last):
  File "/home/airflow/.local/lib/python3.11/site-packages/airflow/models/dagbag.py", line 351, in parse
    loader.exec_module(new_module)
  File "<frozen importlib._bootstrap_external>", line 940, in exec_module
  File "<frozen importlib._bootstrap>", line 241, in _call_with_frames_removed
  File "/opt/airflow/dags/dag_parsing_kaggle.py", line 6, in <module>
    import utils as u
  File "/opt/airflow/dags/utils.py", line 1, in <module>
    import kagglehub
ModuleNotFoundError: No module named 'kagglehub'
[2026-03-20T13:01:13.300+0000] {processor.py:842} WARNING - No viable dags retrieved from /opt/airflow/dags/dag_parsing_kaggle.py
[2026-03-20T13:01:13.313+0000] {processor.py:183} INFO - Processing /opt/airflow/dags/dag_parsing_kaggle.py took 0.024 seconds
[2026-03-20T13:01:43.389+0000] {processor.py:161} INFO - Started process (PID=94) to work on /opt/airflow/dags/dag_parsing_kaggle.py
[2026-03-20T13:01:43.393+0000] {processor.py:830} INFO - Processing file /opt/airflow/dags/dag_parsing_kaggle.py for tasks to queue
[2026-03-20T13:01:43.394+0000] {logging_mixin.py:188} INFO - [2026-03-20T13:01:43.394+0000] {dagbag.py:545} INFO - Filling up the DagBag from /opt/airflow/dags/dag_parsing_kaggle.py
[2026-03-20T13:01:43.398+0000] {logging_mixin.py:188} INFO - [2026-03-20T13:01:43.397+0000] {dagbag.py:355} ERROR - Failed to import: /opt/airflow/dags/dag_parsing_kaggle.py
Traceback (most recent call last):
  File "/home/airflow/.local/lib/python3.11/site-packages/airflow/models/dagbag.py", line 351, in parse
    loader.exec_module(new_module)
  File "<frozen importlib._bootstrap_external>", line 940, in exec_module
  File "<frozen importlib._bootstrap>", line 241, in _call_with_frames_removed
  File "/opt/airflow/dags/dag_parsing_kaggle.py", line 6, in <module>
    import utils as u
  File "/opt/airflow/dags/utils.py", line 1, in <module>
    import kagglehub
ModuleNotFoundError: No module named 'kagglehub'
[2026-03-20T13:01:43.398+0000] {processor.py:842} WARNING - No viable dags retrieved from /opt/airflow/dags/dag_parsing_kaggle.py
[2026-03-20T13:01:43.416+0000] {processor.py:183} INFO - Processing /opt/airflow/dags/dag_parsing_kaggle.py took 0.031 seconds
[2026-03-20T13:02:24.836+0000] {processor.py:161} INFO - Started process (PID=53) to work on /opt/airflow/dags/dag_parsing_kaggle.py
[2026-03-20T13:02:24.837+0000] {processor.py:830} INFO - Processing file /opt/airflow/dags/dag_parsing_kaggle.py for tasks to queue
[2026-03-20T13:02:24.839+0000] {logging_mixin.py:188} INFO - [2026-03-20T13:02:24.839+0000] {dagbag.py:545} INFO - Filling up the DagBag from /opt/airflow/dags/dag_parsing_kaggle.py
[2026-03-20T13:02:24.843+0000] {logging_mixin.py:188} INFO - [2026-03-20T13:02:24.841+0000] {dagbag.py:355} ERROR - Failed to import: /opt/airflow/dags/dag_parsing_kaggle.py
Traceback (most recent call last):
  File "/home/airflow/.local/lib/python3.11/site-packages/airflow/models/dagbag.py", line 351, in parse
    loader.exec_module(new_module)
  File "<frozen importlib._bootstrap_external>", line 940, in exec_module
  File "<frozen importlib._bootstrap>", line 241, in _call_with_frames_removed
  File "/opt/airflow/dags/dag_parsing_kaggle.py", line 6, in <module>
    import utils as u
  File "/opt/airflow/dags/utils.py", line 1, in <module>
    import kagglehub
ModuleNotFoundError: No module named 'kagglehub'
[2026-03-20T13:02:24.843+0000] {processor.py:842} WARNING - No viable dags retrieved from /opt/airflow/dags/dag_parsing_kaggle.py
[2026-03-20T13:02:24.866+0000] {processor.py:183} INFO - Processing /opt/airflow/dags/dag_parsing_kaggle.py took 0.037 seconds
[2026-03-20T13:02:55.109+0000] {processor.py:161} INFO - Started process (PID=60) to work on /opt/airflow/dags/dag_parsing_kaggle.py
[2026-03-20T13:02:55.110+0000] {processor.py:830} INFO - Processing file /opt/airflow/dags/dag_parsing_kaggle.py for tasks to queue
[2026-03-20T13:02:55.111+0000] {logging_mixin.py:188} INFO - [2026-03-20T13:02:55.111+0000] {dagbag.py:545} INFO - Filling up the DagBag from /opt/airflow/dags/dag_parsing_kaggle.py
[2026-03-20T13:02:55.115+0000] {logging_mixin.py:188} INFO - [2026-03-20T13:02:55.114+0000] {dagbag.py:355} ERROR - Failed to import: /opt/airflow/dags/dag_parsing_kaggle.py
Traceback (most recent call last):
  File "/home/airflow/.local/lib/python3.11/site-packages/airflow/models/dagbag.py", line 351, in parse
    loader.exec_module(new_module)
  File "<frozen importlib._bootstrap_external>", line 940, in exec_module
  File "<frozen importlib._bootstrap>", line 241, in _call_with_frames_removed
  File "/opt/airflow/dags/dag_parsing_kaggle.py", line 6, in <module>
    import utils as u
  File "/opt/airflow/dags/utils.py", line 1, in <module>
    import kagglehub
ModuleNotFoundError: No module named 'kagglehub'
[2026-03-20T13:02:55.115+0000] {processor.py:842} WARNING - No viable dags retrieved from /opt/airflow/dags/dag_parsing_kaggle.py
[2026-03-20T13:02:55.132+0000] {processor.py:183} INFO - Processing /opt/airflow/dags/dag_parsing_kaggle.py took 0.029 seconds
[2026-03-20T13:03:25.212+0000] {processor.py:161} INFO - Started process (PID=67) to work on /opt/airflow/dags/dag_parsing_kaggle.py
[2026-03-20T13:03:25.214+0000] {processor.py:830} INFO - Processing file /opt/airflow/dags/dag_parsing_kaggle.py for tasks to queue
[2026-03-20T13:03:25.215+0000] {logging_mixin.py:188} INFO - [2026-03-20T13:03:25.214+0000] {dagbag.py:545} INFO - Filling up the DagBag from /opt/airflow/dags/dag_parsing_kaggle.py
[2026-03-20T13:03:25.217+0000] {logging_mixin.py:188} INFO - [2026-03-20T13:03:25.216+0000] {dagbag.py:355} ERROR - Failed to import: /opt/airflow/dags/dag_parsing_kaggle.py
Traceback (most recent call last):
  File "/home/airflow/.local/lib/python3.11/site-packages/airflow/models/dagbag.py", line 351, in parse
    loader.exec_module(new_module)
  File "<frozen importlib._bootstrap_external>", line 940, in exec_module
  File "<frozen importlib._bootstrap>", line 241, in _call_with_frames_removed
  File "/opt/airflow/dags/dag_parsing_kaggle.py", line 6, in <module>
    import utils as u
  File "/opt/airflow/dags/utils.py", line 1, in <module>
    import kagglehub
ModuleNotFoundError: No module named 'kagglehub'
[2026-03-20T13:03:25.217+0000] {processor.py:842} WARNING - No viable dags retrieved from /opt/airflow/dags/dag_parsing_kaggle.py
[2026-03-20T13:03:25.231+0000] {processor.py:183} INFO - Processing /opt/airflow/dags/dag_parsing_kaggle.py took 0.023 seconds
[2026-03-20T13:03:55.305+0000] {processor.py:161} INFO - Started process (PID=74) to work on /opt/airflow/dags/dag_parsing_kaggle.py
[2026-03-20T13:03:55.306+0000] {processor.py:830} INFO - Processing file /opt/airflow/dags/dag_parsing_kaggle.py for tasks to queue
[2026-03-20T13:03:55.307+0000] {logging_mixin.py:188} INFO - [2026-03-20T13:03:55.306+0000] {dagbag.py:545} INFO - Filling up the DagBag from /opt/airflow/dags/dag_parsing_kaggle.py
[2026-03-20T13:03:55.309+0000] {logging_mixin.py:188} INFO - [2026-03-20T13:03:55.308+0000] {dagbag.py:355} ERROR - Failed to import: /opt/airflow/dags/dag_parsing_kaggle.py
Traceback (most recent call last):
  File "/home/airflow/.local/lib/python3.11/site-packages/airflow/models/dagbag.py", line 351, in parse
    loader.exec_module(new_module)
  File "<frozen importlib._bootstrap_external>", line 940, in exec_module
  File "<frozen importlib._bootstrap>", line 241, in _call_with_frames_removed
  File "/opt/airflow/dags/dag_parsing_kaggle.py", line 6, in <module>
    import utils as u
  File "/opt/airflow/dags/utils.py", line 1, in <module>
    import kagglehub
ModuleNotFoundError: No module named 'kagglehub'
[2026-03-20T13:03:55.309+0000] {processor.py:842} WARNING - No viable dags retrieved from /opt/airflow/dags/dag_parsing_kaggle.py
[2026-03-20T13:03:55.327+0000] {processor.py:183} INFO - Processing /opt/airflow/dags/dag_parsing_kaggle.py took 0.027 seconds
[2026-03-20T13:04:25.411+0000] {processor.py:161} INFO - Started process (PID=81) to work on /opt/airflow/dags/dag_parsing_kaggle.py
[2026-03-20T13:04:25.413+0000] {processor.py:830} INFO - Processing file /opt/airflow/dags/dag_parsing_kaggle.py for tasks to queue
[2026-03-20T13:04:25.415+0000] {logging_mixin.py:188} INFO - [2026-03-20T13:04:25.414+0000] {dagbag.py:545} INFO - Filling up the DagBag from /opt/airflow/dags/dag_parsing_kaggle.py
[2026-03-20T13:04:25.418+0000] {logging_mixin.py:188} INFO - [2026-03-20T13:04:25.416+0000] {dagbag.py:355} ERROR - Failed to import: /opt/airflow/dags/dag_parsing_kaggle.py
Traceback (most recent call last):
  File "/home/airflow/.local/lib/python3.11/site-packages/airflow/models/dagbag.py", line 351, in parse
    loader.exec_module(new_module)
  File "<frozen importlib._bootstrap_external>", line 940, in exec_module
  File "<frozen importlib._bootstrap>", line 241, in _call_with_frames_removed
  File "/opt/airflow/dags/dag_parsing_kaggle.py", line 6, in <module>
    import utils as u
  File "/opt/airflow/dags/utils.py", line 1, in <module>
    import kagglehub
ModuleNotFoundError: No module named 'kagglehub'
[2026-03-20T13:04:25.418+0000] {processor.py:842} WARNING - No viable dags retrieved from /opt/airflow/dags/dag_parsing_kaggle.py
[2026-03-20T13:04:25.433+0000] {processor.py:183} INFO - Processing /opt/airflow/dags/dag_parsing_kaggle.py took 0.026 seconds
[2026-03-20T13:05:18.039+0000] {processor.py:161} INFO - Started process (PID=53) to work on /opt/airflow/dags/dag_parsing_kaggle.py
[2026-03-20T13:05:18.039+0000] {processor.py:830} INFO - Processing file /opt/airflow/dags/dag_parsing_kaggle.py for tasks to queue
[2026-03-20T13:05:18.041+0000] {logging_mixin.py:188} INFO - [2026-03-20T13:05:18.041+0000] {dagbag.py:545} INFO - Filling up the DagBag from /opt/airflow/dags/dag_parsing_kaggle.py
[2026-03-20T13:05:18.044+0000] {logging_mixin.py:188} INFO - [2026-03-20T13:05:18.043+0000] {dagbag.py:355} ERROR - Failed to import: /opt/airflow/dags/dag_parsing_kaggle.py
Traceback (most recent call last):
  File "/home/airflow/.local/lib/python3.11/site-packages/airflow/models/dagbag.py", line 351, in parse
    loader.exec_module(new_module)
  File "<frozen importlib._bootstrap_external>", line 940, in exec_module
  File "<frozen importlib._bootstrap>", line 241, in _call_with_frames_removed
  File "/opt/airflow/dags/dag_parsing_kaggle.py", line 6, in <module>
    import utils as u
  File "/opt/airflow/dags/utils.py", line 1, in <module>
    import kagglehub
ModuleNotFoundError: No module named 'kagglehub'
[2026-03-20T13:05:18.044+0000] {processor.py:842} WARNING - No viable dags retrieved from /opt/airflow/dags/dag_parsing_kaggle.py
[2026-03-20T13:05:18.065+0000] {processor.py:183} INFO - Processing /opt/airflow/dags/dag_parsing_kaggle.py took 0.033 seconds
[2026-03-20T13:18:00.207+0000] {processor.py:161} INFO - Started process (PID=53) to work on /opt/airflow/dags/dag_parsing_kaggle.py
[2026-03-20T13:18:00.210+0000] {processor.py:830} INFO - Processing file /opt/airflow/dags/dag_parsing_kaggle.py for tasks to queue
[2026-03-20T13:18:00.214+0000] {logging_mixin.py:188} INFO - [2026-03-20T13:18:00.214+0000] {dagbag.py:545} INFO - Filling up the DagBag from /opt/airflow/dags/dag_parsing_kaggle.py
[2026-03-20T13:18:00.218+0000] {logging_mixin.py:188} INFO - [2026-03-20T13:18:00.217+0000] {dagbag.py:355} ERROR - Failed to import: /opt/airflow/dags/dag_parsing_kaggle.py
Traceback (most recent call last):
  File "/home/airflow/.local/lib/python3.11/site-packages/airflow/models/dagbag.py", line 351, in parse
    loader.exec_module(new_module)
  File "<frozen importlib._bootstrap_external>", line 940, in exec_module
  File "<frozen importlib._bootstrap>", line 241, in _call_with_frames_removed
  File "/opt/airflow/dags/dag_parsing_kaggle.py", line 6, in <module>
    import utils as u
  File "/opt/airflow/dags/utils.py", line 1, in <module>
    import kagglehub
ModuleNotFoundError: No module named 'kagglehub'
[2026-03-20T13:18:00.218+0000] {processor.py:842} WARNING - No viable dags retrieved from /opt/airflow/dags/dag_parsing_kaggle.py
[2026-03-20T13:18:00.248+0000] {processor.py:183} INFO - Processing /opt/airflow/dags/dag_parsing_kaggle.py took 0.060 seconds
[2026-03-20T13:18:30.519+0000] {processor.py:161} INFO - Started process (PID=60) to work on /opt/airflow/dags/dag_parsing_kaggle.py
[2026-03-20T13:18:30.519+0000] {processor.py:830} INFO - Processing file /opt/airflow/dags/dag_parsing_kaggle.py for tasks to queue
[2026-03-20T13:18:30.520+0000] {logging_mixin.py:188} INFO - [2026-03-20T13:18:30.520+0000] {dagbag.py:545} INFO - Filling up the DagBag from /opt/airflow/dags/dag_parsing_kaggle.py
[2026-03-20T13:18:30.523+0000] {logging_mixin.py:188} INFO - [2026-03-20T13:18:30.522+0000] {dagbag.py:355} ERROR - Failed to import: /opt/airflow/dags/dag_parsing_kaggle.py
Traceback (most recent call last):
  File "/home/airflow/.local/lib/python3.11/site-packages/airflow/models/dagbag.py", line 351, in parse
    loader.exec_module(new_module)
  File "<frozen importlib._bootstrap_external>", line 940, in exec_module
  File "<frozen importlib._bootstrap>", line 241, in _call_with_frames_removed
  File "/opt/airflow/dags/dag_parsing_kaggle.py", line 6, in <module>
    import utils as u
  File "/opt/airflow/dags/utils.py", line 1, in <module>
    import kagglehub
ModuleNotFoundError: No module named 'kagglehub'
[2026-03-20T13:18:30.523+0000] {processor.py:842} WARNING - No viable dags retrieved from /opt/airflow/dags/dag_parsing_kaggle.py
[2026-03-20T13:18:30.543+0000] {processor.py:183} INFO - Processing /opt/airflow/dags/dag_parsing_kaggle.py took 0.028 seconds
[2026-03-20T13:19:32.231+0000] {processor.py:161} INFO - Started process (PID=53) to work on /opt/airflow/dags/dag_parsing_kaggle.py
[2026-03-20T13:19:32.232+0000] {processor.py:830} INFO - Processing file /opt/airflow/dags/dag_parsing_kaggle.py for tasks to queue
[2026-03-20T13:19:32.234+0000] {logging_mixin.py:188} INFO - [2026-03-20T13:19:32.234+0000] {dagbag.py:545} INFO - Filling up the DagBag from /opt/airflow/dags/dag_parsing_kaggle.py
[2026-03-20T13:19:32.239+0000] {logging_mixin.py:188} INFO - [2026-03-20T13:19:32.237+0000] {dagbag.py:355} ERROR - Failed to import: /opt/airflow/dags/dag_parsing_kaggle.py
Traceback (most recent call last):
  File "/home/airflow/.local/lib/python3.11/site-packages/airflow/models/dagbag.py", line 351, in parse
    loader.exec_module(new_module)
  File "<frozen importlib._bootstrap_external>", line 940, in exec_module
  File "<frozen importlib._bootstrap>", line 241, in _call_with_frames_removed
  File "/opt/airflow/dags/dag_parsing_kaggle.py", line 6, in <module>
    import utils as u
  File "/opt/airflow/dags/utils.py", line 1, in <module>
    import kagglehub
ModuleNotFoundError: No module named 'kagglehub'
[2026-03-20T13:19:32.239+0000] {processor.py:842} WARNING - No viable dags retrieved from /opt/airflow/dags/dag_parsing_kaggle.py
[2026-03-20T13:19:32.262+0000] {processor.py:183} INFO - Processing /opt/airflow/dags/dag_parsing_kaggle.py took 0.039 seconds
[2026-03-20T13:20:02.498+0000] {processor.py:161} INFO - Started process (PID=60) to work on /opt/airflow/dags/dag_parsing_kaggle.py
[2026-03-20T13:20:02.498+0000] {processor.py:830} INFO - Processing file /opt/airflow/dags/dag_parsing_kaggle.py for tasks to queue
[2026-03-20T13:20:02.499+0000] {logging_mixin.py:188} INFO - [2026-03-20T13:20:02.499+0000] {dagbag.py:545} INFO - Filling up the DagBag from /opt/airflow/dags/dag_parsing_kaggle.py
[2026-03-20T13:20:02.501+0000] {logging_mixin.py:188} INFO - [2026-03-20T13:20:02.500+0000] {dagbag.py:355} ERROR - Failed to import: /opt/airflow/dags/dag_parsing_kaggle.py
Traceback (most recent call last):
  File "/home/airflow/.local/lib/python3.11/site-packages/airflow/models/dagbag.py", line 351, in parse
    loader.exec_module(new_module)
  File "<frozen importlib._bootstrap_external>", line 940, in exec_module
  File "<frozen importlib._bootstrap>", line 241, in _call_with_frames_removed
  File "/opt/airflow/dags/dag_parsing_kaggle.py", line 6, in <module>
    import utils as u
  File "/opt/airflow/dags/utils.py", line 1, in <module>
    import kagglehub
ModuleNotFoundError: No module named 'kagglehub'
[2026-03-20T13:20:02.501+0000] {processor.py:842} WARNING - No viable dags retrieved from /opt/airflow/dags/dag_parsing_kaggle.py
[2026-03-20T13:20:02.514+0000] {processor.py:183} INFO - Processing /opt/airflow/dags/dag_parsing_kaggle.py took 0.021 seconds
[2026-03-20T13:20:32.593+0000] {processor.py:161} INFO - Started process (PID=67) to work on /opt/airflow/dags/dag_parsing_kaggle.py
[2026-03-20T13:20:32.594+0000] {processor.py:830} INFO - Processing file /opt/airflow/dags/dag_parsing_kaggle.py for tasks to queue
[2026-03-20T13:20:32.595+0000] {logging_mixin.py:188} INFO - [2026-03-20T13:20:32.595+0000] {dagbag.py:545} INFO - Filling up the DagBag from /opt/airflow/dags/dag_parsing_kaggle.py
[2026-03-20T13:20:32.597+0000] {logging_mixin.py:188} INFO - [2026-03-20T13:20:32.596+0000] {dagbag.py:355} ERROR - Failed to import: /opt/airflow/dags/dag_parsing_kaggle.py
Traceback (most recent call last):
  File "/home/airflow/.local/lib/python3.11/site-packages/airflow/models/dagbag.py", line 351, in parse
    loader.exec_module(new_module)
  File "<frozen importlib._bootstrap_external>", line 940, in exec_module
  File "<frozen importlib._bootstrap>", line 241, in _call_with_frames_removed
  File "/opt/airflow/dags/dag_parsing_kaggle.py", line 6, in <module>
    import utils as u
  File "/opt/airflow/dags/utils.py", line 1, in <module>
    import kagglehub
ModuleNotFoundError: No module named 'kagglehub'
[2026-03-20T13:20:32.597+0000] {processor.py:842} WARNING - No viable dags retrieved from /opt/airflow/dags/dag_parsing_kaggle.py
[2026-03-20T13:20:32.615+0000] {processor.py:183} INFO - Processing /opt/airflow/dags/dag_parsing_kaggle.py took 0.027 seconds
[2026-03-20T13:21:07.224+0000] {processor.py:161} INFO - Started process (PID=53) to work on /opt/airflow/dags/dag_parsing_kaggle.py
[2026-03-20T13:21:07.225+0000] {processor.py:830} INFO - Processing file /opt/airflow/dags/dag_parsing_kaggle.py for tasks to queue
[2026-03-20T13:21:07.227+0000] {logging_mixin.py:188} INFO - [2026-03-20T13:21:07.226+0000] {dagbag.py:545} INFO - Filling up the DagBag from /opt/airflow/dags/dag_parsing_kaggle.py
[2026-03-20T13:21:07.231+0000] {logging_mixin.py:188} INFO - [2026-03-20T13:21:07.229+0000] {dagbag.py:355} ERROR - Failed to import: /opt/airflow/dags/dag_parsing_kaggle.py
Traceback (most recent call last):
  File "/home/airflow/.local/lib/python3.11/site-packages/airflow/models/dagbag.py", line 351, in parse
    loader.exec_module(new_module)
  File "<frozen importlib._bootstrap_external>", line 940, in exec_module
  File "<frozen importlib._bootstrap>", line 241, in _call_with_frames_removed
  File "/opt/airflow/dags/dag_parsing_kaggle.py", line 6, in <module>
    import utils as u
  File "/opt/airflow/dags/utils.py", line 1, in <module>
    import kagglehub
ModuleNotFoundError: No module named 'kagglehub'
[2026-03-20T13:21:07.232+0000] {processor.py:842} WARNING - No viable dags retrieved from /opt/airflow/dags/dag_parsing_kaggle.py
[2026-03-20T13:21:07.250+0000] {processor.py:183} INFO - Processing /opt/airflow/dags/dag_parsing_kaggle.py took 0.032 seconds
[2026-03-20T13:21:37.533+0000] {processor.py:161} INFO - Started process (PID=60) to work on /opt/airflow/dags/dag_parsing_kaggle.py
[2026-03-20T13:21:37.533+0000] {processor.py:830} INFO - Processing file /opt/airflow/dags/dag_parsing_kaggle.py for tasks to queue
[2026-03-20T13:21:37.534+0000] {logging_mixin.py:188} INFO - [2026-03-20T13:21:37.534+0000] {dagbag.py:545} INFO - Filling up the DagBag from /opt/airflow/dags/dag_parsing_kaggle.py
[2026-03-20T13:21:37.536+0000] {logging_mixin.py:188} INFO - [2026-03-20T13:21:37.536+0000] {dagbag.py:355} ERROR - Failed to import: /opt/airflow/dags/dag_parsing_kaggle.py
Traceback (most recent call last):
  File "/home/airflow/.local/lib/python3.11/site-packages/airflow/models/dagbag.py", line 351, in parse
    loader.exec_module(new_module)
  File "<frozen importlib._bootstrap_external>", line 940, in exec_module
  File "<frozen importlib._bootstrap>", line 241, in _call_with_frames_removed
  File "/opt/airflow/dags/dag_parsing_kaggle.py", line 6, in <module>
    import utils as u
  File "/opt/airflow/dags/utils.py", line 1, in <module>
    import kagglehub
ModuleNotFoundError: No module named 'kagglehub'
[2026-03-20T13:21:37.536+0000] {processor.py:842} WARNING - No viable dags retrieved from /opt/airflow/dags/dag_parsing_kaggle.py
[2026-03-20T13:21:37.552+0000] {processor.py:183} INFO - Processing /opt/airflow/dags/dag_parsing_kaggle.py took 0.024 seconds
[2026-03-20T13:22:07.642+0000] {processor.py:161} INFO - Started process (PID=67) to work on /opt/airflow/dags/dag_parsing_kaggle.py
[2026-03-20T13:22:07.645+0000] {processor.py:830} INFO - Processing file /opt/airflow/dags/dag_parsing_kaggle.py for tasks to queue
[2026-03-20T13:22:07.646+0000] {logging_mixin.py:188} INFO - [2026-03-20T13:22:07.646+0000] {dagbag.py:545} INFO - Filling up the DagBag from /opt/airflow/dags/dag_parsing_kaggle.py
[2026-03-20T13:22:07.649+0000] {logging_mixin.py:188} INFO - [2026-03-20T13:22:07.648+0000] {dagbag.py:355} ERROR - Failed to import: /opt/airflow/dags/dag_parsing_kaggle.py
Traceback (most recent call last):
  File "/home/airflow/.local/lib/python3.11/site-packages/airflow/models/dagbag.py", line 351, in parse
    loader.exec_module(new_module)
  File "<frozen importlib._bootstrap_external>", line 940, in exec_module
  File "<frozen importlib._bootstrap>", line 241, in _call_with_frames_removed
  File "/opt/airflow/dags/dag_parsing_kaggle.py", line 6, in <module>
    import utils as u
  File "/opt/airflow/dags/utils.py", line 1, in <module>
    import kagglehub
ModuleNotFoundError: No module named 'kagglehub'
[2026-03-20T13:22:07.649+0000] {processor.py:842} WARNING - No viable dags retrieved from /opt/airflow/dags/dag_parsing_kaggle.py
[2026-03-20T13:22:07.667+0000] {processor.py:183} INFO - Processing /opt/airflow/dags/dag_parsing_kaggle.py took 0.030 seconds
[2026-03-20T13:22:37.750+0000] {processor.py:161} INFO - Started process (PID=75) to work on /opt/airflow/dags/dag_parsing_kaggle.py
[2026-03-20T13:22:37.750+0000] {processor.py:830} INFO - Processing file /opt/airflow/dags/dag_parsing_kaggle.py for tasks to queue
[2026-03-20T13:22:37.752+0000] {logging_mixin.py:188} INFO - [2026-03-20T13:22:37.752+0000] {dagbag.py:545} INFO - Filling up the DagBag from /opt/airflow/dags/dag_parsing_kaggle.py
[2026-03-20T13:22:37.755+0000] {logging_mixin.py:188} INFO - [2026-03-20T13:22:37.754+0000] {dagbag.py:355} ERROR - Failed to import: /opt/airflow/dags/dag_parsing_kaggle.py
Traceback (most recent call last):
  File "/home/airflow/.local/lib/python3.11/site-packages/airflow/models/dagbag.py", line 351, in parse
    loader.exec_module(new_module)
  File "<frozen importlib._bootstrap_external>", line 940, in exec_module
  File "<frozen importlib._bootstrap>", line 241, in _call_with_frames_removed
  File "/opt/airflow/dags/dag_parsing_kaggle.py", line 6, in <module>
    import utils as u
  File "/opt/airflow/dags/utils.py", line 1, in <module>
    import kagglehub
ModuleNotFoundError: No module named 'kagglehub'
[2026-03-20T13:22:37.755+0000] {processor.py:842} WARNING - No viable dags retrieved from /opt/airflow/dags/dag_parsing_kaggle.py
[2026-03-20T13:22:37.769+0000] {processor.py:183} INFO - Processing /opt/airflow/dags/dag_parsing_kaggle.py took 0.026 seconds
[2026-03-20T13:40:41.934+0000] {processor.py:186} INFO - Started process (PID=40) to work on /opt/airflow/dags/dag_parsing_kaggle.py
[2026-03-20T13:40:41.934+0000] {processor.py:914} INFO - Processing file /opt/airflow/dags/dag_parsing_kaggle.py for tasks to queue
[2026-03-20T13:40:41.937+0000] {logging_mixin.py:190} INFO - [2026-03-20T13:40:41.937+0000] {dagbag.py:588} INFO - Filling up the DagBag from /opt/airflow/dags/dag_parsing_kaggle.py
[2026-03-20T13:40:45.394+0000] {logging_mixin.py:190} INFO - Downloading to /home/airflow/.cache/kagglehub/datasets/nalisha/job-salary-prediction-dataset/versions/1/job_salary_prediction_dataset.csv...
[2026-03-20T13:40:45.399+0000] {logging_mixin.py:190} WARNING -   0%|          | 0.00/16.3M [00:00<?, ?B/s]
[2026-03-20T13:40:46.142+0000] {logging_mixin.py:190} WARNING -   6%|6         | 1.00M/16.3M [00:00<00:11, 1.41MB/s]
[2026-03-20T13:40:46.322+0000] {logging_mixin.py:190} WARNING -  12%|#2        | 2.00M/16.3M [00:00<00:05, 2.55MB/s]
[2026-03-20T13:40:46.444+0000] {logging_mixin.py:190} WARNING -  18%|#8        | 3.00M/16.3M [00:01<00:03, 3.76MB/s]
[2026-03-20T13:40:46.545+0000] {logging_mixin.py:190} WARNING -  24%|##4       | 4.00M/16.3M [00:01<00:02, 5.01MB/s]
[2026-03-20T13:40:46.672+0000] {logging_mixin.py:190} WARNING -  37%|###6      | 6.00M/16.3M [00:01<00:01, 7.96MB/s]
[2026-03-20T13:40:46.800+0000] {logging_mixin.py:190} WARNING -  55%|#####5    | 9.00M/16.3M [00:01<00:00, 12.4MB/s]
[2026-03-20T13:40:46.906+0000] {logging_mixin.py:190} WARNING -  73%|#######3  | 12.0M/16.3M [00:01<00:00, 16.6MB/s]
[2026-03-20T13:40:47.015+0000] {logging_mixin.py:190} WARNING -  92%|#########1| 15.0M/16.3M [00:01<00:00, 19.8MB/s]
[2026-03-20T13:40:47.041+0000] {logging_mixin.py:190} WARNING - 100%|##########| 16.3M/16.3M [00:01<00:00, 10.4MB/s]
[2026-03-20T13:40:47.250+0000] {logging_mixin.py:190} INFO -                  job_title  experience_years  ... certifications  salary
0              AI Engineer                10  ...              2  109413
1             Data Analyst                 5  ...              0   93764
2       Frontend Developer                18  ...              1  148123
3         Business Analyst                19  ...              0  189123
4          Product Manager                15  ...              0  165069
...                    ...               ...  ...            ...     ...
249990        Data Analyst                 4  ...              0   87314
249991   Backend Developer                 0  ...              3  149227
249992        Data Analyst                 7  ...              0   94870
249993  Frontend Developer                17  ...              1  193028
249994    Business Analyst                13  ...              3  171896

[249995 rows x 10 columns]
[2026-03-20T13:40:47.250+0000] {logging_mixin.py:190} INFO - (250000, 10)
[2026-03-20T13:40:47.259+0000] {processor.py:925} INFO - DAG(s) 'dag_parsing_kaggle' retrieved from /opt/airflow/dags/dag_parsing_kaggle.py
[2026-03-20T13:40:47.552+0000] {logging_mixin.py:190} INFO - [2026-03-20T13:40:47.551+0000] {override.py:1932} INFO - Created Permission View: can read on DAG:dag_parsing_kaggle
[2026-03-20T13:40:47.559+0000] {logging_mixin.py:190} INFO - [2026-03-20T13:40:47.558+0000] {override.py:1932} INFO - Created Permission View: can delete on DAG:dag_parsing_kaggle
[2026-03-20T13:40:47.562+0000] {logging_mixin.py:190} INFO - [2026-03-20T13:40:47.562+0000] {override.py:1932} INFO - Created Permission View: can edit on DAG:dag_parsing_kaggle
[2026-03-20T13:40:47.569+0000] {logging_mixin.py:190} INFO - [2026-03-20T13:40:47.569+0000] {override.py:1932} INFO - Created Permission View: can read on DAG Run:dag_parsing_kaggle
[2026-03-20T13:40:47.572+0000] {logging_mixin.py:190} INFO - [2026-03-20T13:40:47.572+0000] {override.py:1932} INFO - Created Permission View: can create on DAG Run:dag_parsing_kaggle
[2026-03-20T13:40:47.575+0000] {logging_mixin.py:190} INFO - [2026-03-20T13:40:47.575+0000] {override.py:1932} INFO - Created Permission View: can delete on DAG Run:dag_parsing_kaggle
[2026-03-20T13:40:47.579+0000] {logging_mixin.py:190} INFO - [2026-03-20T13:40:47.579+0000] {override.py:1932} INFO - Created Permission View: menu access on DAG Run:dag_parsing_kaggle
[2026-03-20T13:40:47.579+0000] {logging_mixin.py:190} INFO - [2026-03-20T13:40:47.579+0000] {dag.py:3239} INFO - Sync 1 DAGs
[2026-03-20T13:40:47.585+0000] {logging_mixin.py:190} INFO - [2026-03-20T13:40:47.585+0000] {dag.py:3262} INFO - Creating ORM DAG for dag_parsing_kaggle
[2026-03-20T13:40:47.585+0000] {logging_mixin.py:190} INFO - [2026-03-20T13:40:47.585+0000] {dag.py:4180} INFO - Setting next_dagrun for dag_parsing_kaggle to None, run_after=None
[2026-03-20T13:40:47.592+0000] {processor.py:208} INFO - Processing /opt/airflow/dags/dag_parsing_kaggle.py took 5.664 seconds
[2026-03-20T13:41:17.727+0000] {processor.py:186} INFO - Started process (PID=72) to work on /opt/airflow/dags/dag_parsing_kaggle.py
[2026-03-20T13:41:17.728+0000] {processor.py:914} INFO - Processing file /opt/airflow/dags/dag_parsing_kaggle.py for tasks to queue
[2026-03-20T13:41:17.731+0000] {logging_mixin.py:190} INFO - [2026-03-20T13:41:17.730+0000] {dagbag.py:588} INFO - Filling up the DagBag from /opt/airflow/dags/dag_parsing_kaggle.py
[2026-03-20T13:41:18.985+0000] {logging_mixin.py:190} INFO -                  job_title  experience_years  ... certifications  salary
0              AI Engineer                10  ...              2  109413
1             Data Analyst                 5  ...              0   93764
2       Frontend Developer                18  ...              1  148123
3         Business Analyst                19  ...              0  189123
4          Product Manager                15  ...              0  165069
...                    ...               ...  ...            ...     ...
249990        Data Analyst                 4  ...              0   87314
249991   Backend Developer                 0  ...              3  149227
249992        Data Analyst                 7  ...              0   94870
249993  Frontend Developer                17  ...              1  193028
249994    Business Analyst                13  ...              3  171896

[249995 rows x 10 columns]
[2026-03-20T13:41:18.986+0000] {logging_mixin.py:190} INFO - (250000, 10)
[2026-03-20T13:41:18.989+0000] {processor.py:925} INFO - DAG(s) 'dag_parsing_kaggle' retrieved from /opt/airflow/dags/dag_parsing_kaggle.py
[2026-03-20T13:41:19.010+0000] {logging_mixin.py:190} INFO - [2026-03-20T13:41:19.009+0000] {dag.py:3239} INFO - Sync 1 DAGs
[2026-03-20T13:41:19.020+0000] {logging_mixin.py:190} INFO - [2026-03-20T13:41:19.020+0000] {dag.py:4180} INFO - Setting next_dagrun for dag_parsing_kaggle to None, run_after=None
[2026-03-20T13:41:19.035+0000] {processor.py:208} INFO - Processing /opt/airflow/dags/dag_parsing_kaggle.py took 1.314 seconds
[2026-03-20T13:41:49.186+0000] {processor.py:186} INFO - Started process (PID=97) to work on /opt/airflow/dags/dag_parsing_kaggle.py
[2026-03-20T13:41:49.187+0000] {processor.py:914} INFO - Processing file /opt/airflow/dags/dag_parsing_kaggle.py for tasks to queue
[2026-03-20T13:41:49.189+0000] {logging_mixin.py:190} INFO - [2026-03-20T13:41:49.189+0000] {dagbag.py:588} INFO - Filling up the DagBag from /opt/airflow/dags/dag_parsing_kaggle.py
[2026-03-20T13:41:50.668+0000] {logging_mixin.py:190} INFO -                  job_title  experience_years  ... certifications  salary
0              AI Engineer                10  ...              2  109413
1             Data Analyst                 5  ...              0   93764
2       Frontend Developer                18  ...              1  148123
3         Business Analyst                19  ...              0  189123
4          Product Manager                15  ...              0  165069
...                    ...               ...  ...            ...     ...
249990        Data Analyst                 4  ...              0   87314
249991   Backend Developer                 0  ...              3  149227
249992        Data Analyst                 7  ...              0   94870
249993  Frontend Developer                17  ...              1  193028
249994    Business Analyst                13  ...              3  171896

[249995 rows x 10 columns]
[2026-03-20T13:41:50.668+0000] {logging_mixin.py:190} INFO - (250000, 10)
[2026-03-20T13:41:50.672+0000] {processor.py:925} INFO - DAG(s) 'dag_parsing_kaggle' retrieved from /opt/airflow/dags/dag_parsing_kaggle.py
[2026-03-20T13:41:50.687+0000] {logging_mixin.py:190} INFO - [2026-03-20T13:41:50.686+0000] {dag.py:3239} INFO - Sync 1 DAGs
[2026-03-20T13:41:50.694+0000] {logging_mixin.py:190} INFO - [2026-03-20T13:41:50.694+0000] {dag.py:4180} INFO - Setting next_dagrun for dag_parsing_kaggle to None, run_after=None
[2026-03-20T13:41:50.713+0000] {processor.py:208} INFO - Processing /opt/airflow/dags/dag_parsing_kaggle.py took 1.532 seconds
[2026-03-20T13:42:20.864+0000] {processor.py:186} INFO - Started process (PID=122) to work on /opt/airflow/dags/dag_parsing_kaggle.py
[2026-03-20T13:42:20.868+0000] {processor.py:914} INFO - Processing file /opt/airflow/dags/dag_parsing_kaggle.py for tasks to queue
[2026-03-20T13:42:20.869+0000] {logging_mixin.py:190} INFO - [2026-03-20T13:42:20.869+0000] {dagbag.py:588} INFO - Filling up the DagBag from /opt/airflow/dags/dag_parsing_kaggle.py
[2026-03-20T13:42:22.205+0000] {logging_mixin.py:190} INFO -                  job_title  experience_years  ... certifications  salary
0              AI Engineer                10  ...              2  109413
1             Data Analyst                 5  ...              0   93764
2       Frontend Developer                18  ...              1  148123
3         Business Analyst                19  ...              0  189123
4          Product Manager                15  ...              0  165069
...                    ...               ...  ...            ...     ...
249990        Data Analyst                 4  ...              0   87314
249991   Backend Developer                 0  ...              3  149227
249992        Data Analyst                 7  ...              0   94870
249993  Frontend Developer                17  ...              1  193028
249994    Business Analyst                13  ...              3  171896

[249995 rows x 10 columns]
[2026-03-20T13:42:22.205+0000] {logging_mixin.py:190} INFO - (250000, 10)
[2026-03-20T13:42:22.210+0000] {processor.py:925} INFO - DAG(s) 'dag_parsing_kaggle' retrieved from /opt/airflow/dags/dag_parsing_kaggle.py
[2026-03-20T13:42:22.233+0000] {logging_mixin.py:190} INFO - [2026-03-20T13:42:22.232+0000] {dag.py:3239} INFO - Sync 1 DAGs
[2026-03-20T13:42:22.242+0000] {logging_mixin.py:190} INFO - [2026-03-20T13:42:22.242+0000] {dag.py:4180} INFO - Setting next_dagrun for dag_parsing_kaggle to None, run_after=None
[2026-03-20T13:42:22.256+0000] {processor.py:208} INFO - Processing /opt/airflow/dags/dag_parsing_kaggle.py took 1.397 seconds
[2026-03-20T13:42:52.390+0000] {processor.py:186} INFO - Started process (PID=147) to work on /opt/airflow/dags/dag_parsing_kaggle.py
[2026-03-20T13:42:52.393+0000] {processor.py:914} INFO - Processing file /opt/airflow/dags/dag_parsing_kaggle.py for tasks to queue
[2026-03-20T13:42:52.397+0000] {logging_mixin.py:190} INFO - [2026-03-20T13:42:52.396+0000] {dagbag.py:588} INFO - Filling up the DagBag from /opt/airflow/dags/dag_parsing_kaggle.py
[2026-03-20T13:42:53.825+0000] {logging_mixin.py:190} INFO -                  job_title  experience_years  ... certifications  salary
0              AI Engineer                10  ...              2  109413
1             Data Analyst                 5  ...              0   93764
2       Frontend Developer                18  ...              1  148123
3         Business Analyst                19  ...              0  189123
4          Product Manager                15  ...              0  165069
...                    ...               ...  ...            ...     ...
249990        Data Analyst                 4  ...              0   87314
249991   Backend Developer                 0  ...              3  149227
249992        Data Analyst                 7  ...              0   94870
249993  Frontend Developer                17  ...              1  193028
249994    Business Analyst                13  ...              3  171896

[249995 rows x 10 columns]
[2026-03-20T13:42:53.826+0000] {logging_mixin.py:190} INFO - (250000, 10)
[2026-03-20T13:42:53.829+0000] {processor.py:925} INFO - DAG(s) 'dag_parsing_kaggle' retrieved from /opt/airflow/dags/dag_parsing_kaggle.py
[2026-03-20T13:42:53.849+0000] {logging_mixin.py:190} INFO - [2026-03-20T13:42:53.848+0000] {dag.py:3239} INFO - Sync 1 DAGs
[2026-03-20T13:42:53.856+0000] {logging_mixin.py:190} INFO - [2026-03-20T13:42:53.855+0000] {dag.py:4180} INFO - Setting next_dagrun for dag_parsing_kaggle to None, run_after=None
[2026-03-20T13:42:53.867+0000] {processor.py:208} INFO - Processing /opt/airflow/dags/dag_parsing_kaggle.py took 1.482 seconds
[2026-03-20T13:43:23.998+0000] {processor.py:186} INFO - Started process (PID=172) to work on /opt/airflow/dags/dag_parsing_kaggle.py
[2026-03-20T13:43:23.999+0000] {processor.py:914} INFO - Processing file /opt/airflow/dags/dag_parsing_kaggle.py for tasks to queue
[2026-03-20T13:43:24.001+0000] {logging_mixin.py:190} INFO - [2026-03-20T13:43:24.001+0000] {dagbag.py:588} INFO - Filling up the DagBag from /opt/airflow/dags/dag_parsing_kaggle.py
[2026-03-20T13:43:25.355+0000] {logging_mixin.py:190} INFO -                  job_title  experience_years  ... certifications  salary
0              AI Engineer                10  ...              2  109413
1             Data Analyst                 5  ...              0   93764
2       Frontend Developer                18  ...              1  148123
3         Business Analyst                19  ...              0  189123
4          Product Manager                15  ...              0  165069
...                    ...               ...  ...            ...     ...
249990        Data Analyst                 4  ...              0   87314
249991   Backend Developer                 0  ...              3  149227
249992        Data Analyst                 7  ...              0   94870
249993  Frontend Developer                17  ...              1  193028
249994    Business Analyst                13  ...              3  171896

[249995 rows x 10 columns]
[2026-03-20T13:43:25.355+0000] {logging_mixin.py:190} INFO - (250000, 10)
[2026-03-20T13:43:25.359+0000] {processor.py:925} INFO - DAG(s) 'dag_parsing_kaggle' retrieved from /opt/airflow/dags/dag_parsing_kaggle.py
[2026-03-20T13:43:25.386+0000] {logging_mixin.py:190} INFO - [2026-03-20T13:43:25.386+0000] {dag.py:3239} INFO - Sync 1 DAGs
[2026-03-20T13:43:25.400+0000] {logging_mixin.py:190} INFO - [2026-03-20T13:43:25.400+0000] {dag.py:4180} INFO - Setting next_dagrun for dag_parsing_kaggle to None, run_after=None
[2026-03-20T13:43:25.415+0000] {processor.py:208} INFO - Processing /opt/airflow/dags/dag_parsing_kaggle.py took 1.422 seconds
[2026-03-20T13:47:56.653+0000] {processor.py:186} INFO - Started process (PID=46) to work on /opt/airflow/dags/dag_parsing_kaggle.py
[2026-03-20T13:47:56.654+0000] {processor.py:914} INFO - Processing file /opt/airflow/dags/dag_parsing_kaggle.py for tasks to queue
[2026-03-20T13:47:56.656+0000] {logging_mixin.py:190} INFO - [2026-03-20T13:47:56.656+0000] {dagbag.py:588} INFO - Filling up the DagBag from /opt/airflow/dags/dag_parsing_kaggle.py
[2026-03-20T13:47:59.936+0000] {logging_mixin.py:190} INFO - Downloading to /home/airflow/.cache/kagglehub/datasets/nalisha/job-salary-prediction-dataset/versions/1/job_salary_prediction_dataset.csv...
[2026-03-20T13:47:59.940+0000] {logging_mixin.py:190} WARNING -   0%|          | 0.00/16.3M [00:00<?, ?B/s]
[2026-03-20T13:48:00.687+0000] {logging_mixin.py:190} WARNING -   6%|6         | 1.00M/16.3M [00:00<00:11, 1.40MB/s]
[2026-03-20T13:48:00.864+0000] {logging_mixin.py:190} WARNING -  12%|#2        | 2.00M/16.3M [00:00<00:05, 2.55MB/s]
[2026-03-20T13:48:00.985+0000] {logging_mixin.py:190} WARNING -  18%|#8        | 3.00M/16.3M [00:01<00:03, 3.76MB/s]
[2026-03-20T13:48:01.089+0000] {logging_mixin.py:190} WARNING -  24%|##4       | 4.00M/16.3M [00:01<00:02, 5.00MB/s]
[2026-03-20T13:48:01.214+0000] {logging_mixin.py:190} WARNING -  37%|###6      | 6.00M/16.3M [00:01<00:01, 7.96MB/s]
[2026-03-20T13:48:01.320+0000] {logging_mixin.py:190} WARNING -  49%|####8     | 8.00M/16.3M [00:01<00:00, 10.7MB/s]
[2026-03-20T13:48:01.448+0000] {logging_mixin.py:190} WARNING -  73%|#######3  | 12.0M/16.3M [00:01<00:00, 17.1MB/s]
[2026-03-20T13:48:01.574+0000] {logging_mixin.py:190} WARNING -  98%|#########7| 16.0M/16.3M [00:01<00:00, 21.7MB/s]
[2026-03-20T13:48:01.581+0000] {logging_mixin.py:190} WARNING - 100%|##########| 16.3M/16.3M [00:01<00:00, 10.4MB/s]
[2026-03-20T13:48:01.799+0000] {logging_mixin.py:190} INFO -                  job_title  experience_years  ... certifications  salary
0              AI Engineer                10  ...              2  109413
1             Data Analyst                 5  ...              0   93764
2       Frontend Developer                18  ...              1  148123
3         Business Analyst                19  ...              0  189123
4          Product Manager                15  ...              0  165069
...                    ...               ...  ...            ...     ...
249990        Data Analyst                 4  ...              0   87314
249991   Backend Developer                 0  ...              3  149227
249992        Data Analyst                 7  ...              0   94870
249993  Frontend Developer                17  ...              1  193028
249994    Business Analyst                13  ...              3  171896

[249995 rows x 10 columns]
[2026-03-20T13:48:01.800+0000] {logging_mixin.py:190} INFO - (250000, 10)
[2026-03-20T13:48:01.808+0000] {processor.py:925} INFO - DAG(s) 'dag_parsing_kaggle' retrieved from /opt/airflow/dags/dag_parsing_kaggle.py
[2026-03-20T13:48:02.101+0000] {logging_mixin.py:190} INFO - [2026-03-20T13:48:02.100+0000] {override.py:1932} INFO - Created Permission View: can read on DAG:dag_parsing_kaggle
[2026-03-20T13:48:02.109+0000] {logging_mixin.py:190} INFO - [2026-03-20T13:48:02.109+0000] {override.py:1932} INFO - Created Permission View: can edit on DAG:dag_parsing_kaggle
[2026-03-20T13:48:02.115+0000] {logging_mixin.py:190} INFO - [2026-03-20T13:48:02.115+0000] {override.py:1932} INFO - Created Permission View: can delete on DAG:dag_parsing_kaggle
[2026-03-20T13:48:02.122+0000] {logging_mixin.py:190} INFO - [2026-03-20T13:48:02.121+0000] {override.py:1932} INFO - Created Permission View: menu access on DAG Run:dag_parsing_kaggle
[2026-03-20T13:48:02.126+0000] {logging_mixin.py:190} INFO - [2026-03-20T13:48:02.126+0000] {override.py:1932} INFO - Created Permission View: can read on DAG Run:dag_parsing_kaggle
[2026-03-20T13:48:02.132+0000] {logging_mixin.py:190} INFO - [2026-03-20T13:48:02.132+0000] {override.py:1932} INFO - Created Permission View: can create on DAG Run:dag_parsing_kaggle
[2026-03-20T13:48:02.137+0000] {logging_mixin.py:190} INFO - [2026-03-20T13:48:02.137+0000] {override.py:1932} INFO - Created Permission View: can delete on DAG Run:dag_parsing_kaggle
[2026-03-20T13:48:02.138+0000] {logging_mixin.py:190} INFO - [2026-03-20T13:48:02.137+0000] {dag.py:3239} INFO - Sync 1 DAGs
[2026-03-20T13:48:02.146+0000] {logging_mixin.py:190} INFO - [2026-03-20T13:48:02.146+0000] {dag.py:3262} INFO - Creating ORM DAG for dag_parsing_kaggle
[2026-03-20T13:48:02.147+0000] {logging_mixin.py:190} INFO - [2026-03-20T13:48:02.147+0000] {dag.py:4180} INFO - Setting next_dagrun for dag_parsing_kaggle to None, run_after=None
[2026-03-20T13:48:02.159+0000] {processor.py:208} INFO - Processing /opt/airflow/dags/dag_parsing_kaggle.py took 5.510 seconds
[2026-03-20T13:48:32.303+0000] {processor.py:186} INFO - Started process (PID=78) to work on /opt/airflow/dags/dag_parsing_kaggle.py
[2026-03-20T13:48:32.306+0000] {processor.py:914} INFO - Processing file /opt/airflow/dags/dag_parsing_kaggle.py for tasks to queue
[2026-03-20T13:48:32.307+0000] {logging_mixin.py:190} INFO - [2026-03-20T13:48:32.307+0000] {dagbag.py:588} INFO - Filling up the DagBag from /opt/airflow/dags/dag_parsing_kaggle.py
[2026-03-20T13:48:33.743+0000] {logging_mixin.py:190} INFO -                  job_title  experience_years  ... certifications  salary
0              AI Engineer                10  ...              2  109413
1             Data Analyst                 5  ...              0   93764
2       Frontend Developer                18  ...              1  148123
3         Business Analyst                19  ...              0  189123
4          Product Manager                15  ...              0  165069
...                    ...               ...  ...            ...     ...
249990        Data Analyst                 4  ...              0   87314
249991   Backend Developer                 0  ...              3  149227
249992        Data Analyst                 7  ...              0   94870
249993  Frontend Developer                17  ...              1  193028
249994    Business Analyst                13  ...              3  171896

[249995 rows x 10 columns]
[2026-03-20T13:48:33.743+0000] {logging_mixin.py:190} INFO - (250000, 10)
[2026-03-20T13:48:33.747+0000] {processor.py:925} INFO - DAG(s) 'dag_parsing_kaggle' retrieved from /opt/airflow/dags/dag_parsing_kaggle.py
[2026-03-20T13:48:33.764+0000] {logging_mixin.py:190} INFO - [2026-03-20T13:48:33.764+0000] {dag.py:3239} INFO - Sync 1 DAGs
[2026-03-20T13:48:33.774+0000] {logging_mixin.py:190} INFO - [2026-03-20T13:48:33.773+0000] {dag.py:4180} INFO - Setting next_dagrun for dag_parsing_kaggle to None, run_after=None
[2026-03-20T13:48:33.787+0000] {processor.py:208} INFO - Processing /opt/airflow/dags/dag_parsing_kaggle.py took 1.489 seconds
[2026-03-20T13:49:03.906+0000] {processor.py:186} INFO - Started process (PID=103) to work on /opt/airflow/dags/dag_parsing_kaggle.py
[2026-03-20T13:49:03.909+0000] {processor.py:914} INFO - Processing file /opt/airflow/dags/dag_parsing_kaggle.py for tasks to queue
[2026-03-20T13:49:03.911+0000] {logging_mixin.py:190} INFO - [2026-03-20T13:49:03.911+0000] {dagbag.py:588} INFO - Filling up the DagBag from /opt/airflow/dags/dag_parsing_kaggle.py
[2026-03-20T13:49:05.340+0000] {logging_mixin.py:190} INFO -                  job_title  experience_years  ... certifications  salary
0              AI Engineer                10  ...              2  109413
1             Data Analyst                 5  ...              0   93764
2       Frontend Developer                18  ...              1  148123
3         Business Analyst                19  ...              0  189123
4          Product Manager                15  ...              0  165069
...                    ...               ...  ...            ...     ...
249990        Data Analyst                 4  ...              0   87314
249991   Backend Developer                 0  ...              3  149227
249992        Data Analyst                 7  ...              0   94870
249993  Frontend Developer                17  ...              1  193028
249994    Business Analyst                13  ...              3  171896

[249995 rows x 10 columns]
[2026-03-20T13:49:05.340+0000] {logging_mixin.py:190} INFO - (250000, 10)
[2026-03-20T13:49:05.343+0000] {processor.py:925} INFO - DAG(s) 'dag_parsing_kaggle' retrieved from /opt/airflow/dags/dag_parsing_kaggle.py
[2026-03-20T13:49:05.368+0000] {logging_mixin.py:190} INFO - [2026-03-20T13:49:05.367+0000] {dag.py:3239} INFO - Sync 1 DAGs
[2026-03-20T13:49:05.377+0000] {logging_mixin.py:190} INFO - [2026-03-20T13:49:05.377+0000] {dag.py:4180} INFO - Setting next_dagrun for dag_parsing_kaggle to None, run_after=None
[2026-03-20T13:49:05.393+0000] {processor.py:208} INFO - Processing /opt/airflow/dags/dag_parsing_kaggle.py took 1.491 seconds
[2026-03-20T13:49:14.456+0000] {processor.py:186} INFO - Started process (PID=122) to work on /opt/airflow/dags/dag_parsing_kaggle.py
[2026-03-20T13:49:14.457+0000] {processor.py:914} INFO - Processing file /opt/airflow/dags/dag_parsing_kaggle.py for tasks to queue
[2026-03-20T13:49:14.459+0000] {logging_mixin.py:190} INFO - [2026-03-20T13:49:14.458+0000] {dagbag.py:588} INFO - Filling up the DagBag from /opt/airflow/dags/dag_parsing_kaggle.py
[2026-03-20T13:49:15.763+0000] {logging_mixin.py:190} INFO -                  job_title  experience_years  ... certifications  salary
0              AI Engineer                10  ...              2  109413
1             Data Analyst                 5  ...              0   93764
2       Frontend Developer                18  ...              1  148123
3         Business Analyst                19  ...              0  189123
4          Product Manager                15  ...              0  165069
...                    ...               ...  ...            ...     ...
249990        Data Analyst                 4  ...              0   87314
249991   Backend Developer                 0  ...              3  149227
249992        Data Analyst                 7  ...              0   94870
249993  Frontend Developer                17  ...              1  193028
249994    Business Analyst                13  ...              3  171896

[249995 rows x 10 columns]
[2026-03-20T13:49:15.763+0000] {logging_mixin.py:190} INFO - (250000, 10)
[2026-03-20T13:49:15.764+0000] {logging_mixin.py:190} INFO - [2026-03-20T13:49:15.764+0000] {dagbag.py:387} ERROR - Failed to import: /opt/airflow/dags/dag_parsing_kaggle.py
Traceback (most recent call last):
  File "/home/airflow/.local/lib/python3.11/site-packages/airflow/models/dagbag.py", line 383, in parse
    loader.exec_module(new_module)
  File "<frozen importlib._bootstrap_external>", line 940, in exec_module
  File "<frozen importlib._bootstrap>", line 241, in _call_with_frames_removed
  File "/opt/airflow/dags/dag_parsing_kaggle.py", line 18, in <module>
    python_callable=u.download_kaggle_dataset(),
                    ^^^^^^^^^^^^^^^^^^^^^^^^^^^
TypeError: download_kaggle_dataset() missing 1 required positional argument: 'path'
[2026-03-20T13:49:15.765+0000] {processor.py:927} WARNING - No viable dags retrieved from /opt/airflow/dags/dag_parsing_kaggle.py
[2026-03-20T13:49:15.782+0000] {processor.py:208} INFO - Processing /opt/airflow/dags/dag_parsing_kaggle.py took 1.329 seconds
[2026-03-20T13:49:31.526+0000] {processor.py:186} INFO - Started process (PID=147) to work on /opt/airflow/dags/dag_parsing_kaggle.py
[2026-03-20T13:49:31.530+0000] {processor.py:914} INFO - Processing file /opt/airflow/dags/dag_parsing_kaggle.py for tasks to queue
[2026-03-20T13:49:31.532+0000] {logging_mixin.py:190} INFO - [2026-03-20T13:49:31.532+0000] {dagbag.py:588} INFO - Filling up the DagBag from /opt/airflow/dags/dag_parsing_kaggle.py
[2026-03-20T13:49:33.010+0000] {logging_mixin.py:190} INFO -                  job_title  experience_years  ... certifications  salary
0              AI Engineer                10  ...              2  109413
1             Data Analyst                 5  ...              0   93764
2       Frontend Developer                18  ...              1  148123
3         Business Analyst                19  ...              0  189123
4          Product Manager                15  ...              0  165069
...                    ...               ...  ...            ...     ...
249990        Data Analyst                 4  ...              0   87314
249991   Backend Developer                 0  ...              3  149227
249992        Data Analyst                 7  ...              0   94870
249993  Frontend Developer                17  ...              1  193028
249994    Business Analyst                13  ...              3  171896

[249995 rows x 10 columns]
[2026-03-20T13:49:33.010+0000] {logging_mixin.py:190} INFO - (250000, 10)
[2026-03-20T13:49:33.012+0000] {logging_mixin.py:190} INFO - [2026-03-20T13:49:33.011+0000] {dagbag.py:387} ERROR - Failed to import: /opt/airflow/dags/dag_parsing_kaggle.py
Traceback (most recent call last):
  File "/home/airflow/.local/lib/python3.11/site-packages/airflow/models/dagbag.py", line 383, in parse
    loader.exec_module(new_module)
  File "<frozen importlib._bootstrap_external>", line 940, in exec_module
  File "<frozen importlib._bootstrap>", line 241, in _call_with_frames_removed
  File "/opt/airflow/dags/dag_parsing_kaggle.py", line 18, in <module>
    python_callable=u.download_kaggle_dataset(),
                    ^^^^^^^^^^^^^^^^^^^^^^^^^^^
TypeError: download_kaggle_dataset() missing 1 required positional argument: 'path'
[2026-03-20T13:49:33.012+0000] {processor.py:927} WARNING - No viable dags retrieved from /opt/airflow/dags/dag_parsing_kaggle.py
[2026-03-20T13:49:33.033+0000] {processor.py:208} INFO - Processing /opt/airflow/dags/dag_parsing_kaggle.py took 1.511 seconds
[2026-03-20T13:49:49.957+0000] {processor.py:186} INFO - Started process (PID=166) to work on /opt/airflow/dags/dag_parsing_kaggle.py
[2026-03-20T13:49:49.958+0000] {processor.py:914} INFO - Processing file /opt/airflow/dags/dag_parsing_kaggle.py for tasks to queue
[2026-03-20T13:49:49.959+0000] {logging_mixin.py:190} INFO - [2026-03-20T13:49:49.959+0000] {dagbag.py:588} INFO - Filling up the DagBag from /opt/airflow/dags/dag_parsing_kaggle.py
[2026-03-20T13:49:51.327+0000] {logging_mixin.py:190} INFO -                  job_title  experience_years  ... certifications  salary
0              AI Engineer                10  ...              2  109413
1             Data Analyst                 5  ...              0   93764
2       Frontend Developer                18  ...              1  148123
3         Business Analyst                19  ...              0  189123
4          Product Manager                15  ...              0  165069
...                    ...               ...  ...            ...     ...
249990        Data Analyst                 4  ...              0   87314
249991   Backend Developer                 0  ...              3  149227
249992        Data Analyst                 7  ...              0   94870
249993  Frontend Developer                17  ...              1  193028
249994    Business Analyst                13  ...              3  171896

[249995 rows x 10 columns]
[2026-03-20T13:49:51.327+0000] {logging_mixin.py:190} INFO - (250000, 10)
[2026-03-20T13:49:52.153+0000] {logging_mixin.py:190} INFO - [2026-03-20T13:49:52.149+0000] {dagbag.py:387} ERROR - Failed to import: /opt/airflow/dags/dag_parsing_kaggle.py
Traceback (most recent call last):
  File "/home/airflow/.local/lib/python3.11/site-packages/airflow/models/dagbag.py", line 383, in parse
    loader.exec_module(new_module)
  File "<frozen importlib._bootstrap_external>", line 940, in exec_module
  File "<frozen importlib._bootstrap>", line 241, in _call_with_frames_removed
  File "/opt/airflow/dags/dag_parsing_kaggle.py", line 16, in <module>
    download_kaggle_dataset = PythonOperator(
                              ^^^^^^^^^^^^^^^
  File "/home/airflow/.local/lib/python3.11/site-packages/airflow/models/baseoperator.py", line 509, in apply_defaults
    result = func(self, **kwargs, default_args=default_args)
             ^^^^^^^^^^^^^^^^^^^^^^^^^^^^^^^^^^^^^^^^^^^^^^^
  File "/home/airflow/.local/lib/python3.11/site-packages/airflow/operators/python.py", line 224, in __init__
    raise AirflowException("`python_callable` param must be callable")
airflow.exceptions.AirflowException: `python_callable` param must be callable
[2026-03-20T13:49:52.158+0000] {processor.py:927} WARNING - No viable dags retrieved from /opt/airflow/dags/dag_parsing_kaggle.py
[2026-03-20T13:49:52.175+0000] {processor.py:208} INFO - Processing /opt/airflow/dags/dag_parsing_kaggle.py took 2.223 seconds
[2026-03-20T13:50:11.226+0000] {processor.py:186} INFO - Started process (PID=192) to work on /opt/airflow/dags/dag_parsing_kaggle.py
[2026-03-20T13:50:11.229+0000] {processor.py:914} INFO - Processing file /opt/airflow/dags/dag_parsing_kaggle.py for tasks to queue
[2026-03-20T13:50:11.231+0000] {logging_mixin.py:190} INFO - [2026-03-20T13:50:11.231+0000] {dagbag.py:588} INFO - Filling up the DagBag from /opt/airflow/dags/dag_parsing_kaggle.py
[2026-03-20T13:50:12.561+0000] {logging_mixin.py:190} INFO -                  job_title  experience_years  ... certifications  salary
0              AI Engineer                10  ...              2  109413
1             Data Analyst                 5  ...              0   93764
2       Frontend Developer                18  ...              1  148123
3         Business Analyst                19  ...              0  189123
4          Product Manager                15  ...              0  165069
...                    ...               ...  ...            ...     ...
249990        Data Analyst                 4  ...              0   87314
249991   Backend Developer                 0  ...              3  149227
249992        Data Analyst                 7  ...              0   94870
249993  Frontend Developer                17  ...              1  193028
249994    Business Analyst                13  ...              3  171896

[249995 rows x 10 columns]
[2026-03-20T13:50:12.561+0000] {logging_mixin.py:190} INFO - (250000, 10)
[2026-03-20T13:50:13.311+0000] {logging_mixin.py:190} INFO - [2026-03-20T13:50:13.310+0000] {dagbag.py:387} ERROR - Failed to import: /opt/airflow/dags/dag_parsing_kaggle.py
Traceback (most recent call last):
  File "/home/airflow/.local/lib/python3.11/site-packages/airflow/models/dagbag.py", line 383, in parse
    loader.exec_module(new_module)
  File "<frozen importlib._bootstrap_external>", line 940, in exec_module
  File "<frozen importlib._bootstrap>", line 241, in _call_with_frames_removed
  File "/opt/airflow/dags/dag_parsing_kaggle.py", line 16, in <module>
    download_kaggle_dataset = PythonOperator(
                              ^^^^^^^^^^^^^^^
  File "/home/airflow/.local/lib/python3.11/site-packages/airflow/models/baseoperator.py", line 509, in apply_defaults
    result = func(self, **kwargs, default_args=default_args)
             ^^^^^^^^^^^^^^^^^^^^^^^^^^^^^^^^^^^^^^^^^^^^^^^
  File "/home/airflow/.local/lib/python3.11/site-packages/airflow/operators/python.py", line 224, in __init__
    raise AirflowException("`python_callable` param must be callable")
airflow.exceptions.AirflowException: `python_callable` param must be callable
[2026-03-20T13:50:13.318+0000] {processor.py:927} WARNING - No viable dags retrieved from /opt/airflow/dags/dag_parsing_kaggle.py
[2026-03-20T13:50:13.334+0000] {processor.py:208} INFO - Processing /opt/airflow/dags/dag_parsing_kaggle.py took 2.114 seconds
[2026-03-20T13:50:43.390+0000] {processor.py:186} INFO - Started process (PID=217) to work on /opt/airflow/dags/dag_parsing_kaggle.py
[2026-03-20T13:50:43.393+0000] {processor.py:914} INFO - Processing file /opt/airflow/dags/dag_parsing_kaggle.py for tasks to queue
[2026-03-20T13:50:43.395+0000] {logging_mixin.py:190} INFO - [2026-03-20T13:50:43.394+0000] {dagbag.py:588} INFO - Filling up the DagBag from /opt/airflow/dags/dag_parsing_kaggle.py
[2026-03-20T13:50:44.724+0000] {logging_mixin.py:190} INFO -                  job_title  experience_years  ... certifications  salary
0              AI Engineer                10  ...              2  109413
1             Data Analyst                 5  ...              0   93764
2       Frontend Developer                18  ...              1  148123
3         Business Analyst                19  ...              0  189123
4          Product Manager                15  ...              0  165069
...                    ...               ...  ...            ...     ...
249990        Data Analyst                 4  ...              0   87314
249991   Backend Developer                 0  ...              3  149227
249992        Data Analyst                 7  ...              0   94870
249993  Frontend Developer                17  ...              1  193028
249994    Business Analyst                13  ...              3  171896

[249995 rows x 10 columns]
[2026-03-20T13:50:44.725+0000] {logging_mixin.py:190} INFO - (250000, 10)
[2026-03-20T13:50:45.576+0000] {logging_mixin.py:190} INFO - [2026-03-20T13:50:45.572+0000] {dagbag.py:387} ERROR - Failed to import: /opt/airflow/dags/dag_parsing_kaggle.py
Traceback (most recent call last):
  File "/home/airflow/.local/lib/python3.11/site-packages/airflow/models/dagbag.py", line 383, in parse
    loader.exec_module(new_module)
  File "<frozen importlib._bootstrap_external>", line 940, in exec_module
  File "<frozen importlib._bootstrap>", line 241, in _call_with_frames_removed
  File "/opt/airflow/dags/dag_parsing_kaggle.py", line 16, in <module>
    download_kaggle_dataset = PythonOperator(
                              ^^^^^^^^^^^^^^^
  File "/home/airflow/.local/lib/python3.11/site-packages/airflow/models/baseoperator.py", line 509, in apply_defaults
    result = func(self, **kwargs, default_args=default_args)
             ^^^^^^^^^^^^^^^^^^^^^^^^^^^^^^^^^^^^^^^^^^^^^^^
  File "/home/airflow/.local/lib/python3.11/site-packages/airflow/operators/python.py", line 224, in __init__
    raise AirflowException("`python_callable` param must be callable")
airflow.exceptions.AirflowException: `python_callable` param must be callable
[2026-03-20T13:50:45.583+0000] {processor.py:927} WARNING - No viable dags retrieved from /opt/airflow/dags/dag_parsing_kaggle.py
[2026-03-20T13:50:45.597+0000] {processor.py:208} INFO - Processing /opt/airflow/dags/dag_parsing_kaggle.py took 2.212 seconds
[2026-03-20T13:51:11.570+0000] {processor.py:186} INFO - Started process (PID=242) to work on /opt/airflow/dags/dag_parsing_kaggle.py
[2026-03-20T13:51:11.573+0000] {processor.py:914} INFO - Processing file /opt/airflow/dags/dag_parsing_kaggle.py for tasks to queue
[2026-03-20T13:51:11.574+0000] {logging_mixin.py:190} INFO - [2026-03-20T13:51:11.574+0000] {dagbag.py:588} INFO - Filling up the DagBag from /opt/airflow/dags/dag_parsing_kaggle.py
[2026-03-20T13:51:12.945+0000] {logging_mixin.py:190} INFO -                  job_title  experience_years  ... certifications  salary
0              AI Engineer                10  ...              2  109413
1             Data Analyst                 5  ...              0   93764
2       Frontend Developer                18  ...              1  148123
3         Business Analyst                19  ...              0  189123
4          Product Manager                15  ...              0  165069
...                    ...               ...  ...            ...     ...
249990        Data Analyst                 4  ...              0   87314
249991   Backend Developer                 0  ...              3  149227
249992        Data Analyst                 7  ...              0   94870
249993  Frontend Developer                17  ...              1  193028
249994    Business Analyst                13  ...              3  171896

[249995 rows x 10 columns]
[2026-03-20T13:51:12.945+0000] {logging_mixin.py:190} INFO - (250000, 10)
[2026-03-20T13:51:12.947+0000] {logging_mixin.py:190} INFO - [2026-03-20T13:51:12.947+0000] {dagbag.py:387} ERROR - Failed to import: /opt/airflow/dags/dag_parsing_kaggle.py
Traceback (most recent call last):
  File "/home/airflow/.local/lib/python3.11/site-packages/airflow/models/dagbag.py", line 383, in parse
    loader.exec_module(new_module)
  File "<frozen importlib._bootstrap_external>", line 940, in exec_module
  File "<frozen importlib._bootstrap>", line 241, in _call_with_frames_removed
  File "/opt/airflow/dags/dag_parsing_kaggle.py", line 18, in <module>
    python_callable=u.download_kaggle(path),
                    ^^^^^^^^^^^^^^^^^
AttributeError: module 'utils' has no attribute 'download_kaggle'
[2026-03-20T13:51:12.948+0000] {processor.py:927} WARNING - No viable dags retrieved from /opt/airflow/dags/dag_parsing_kaggle.py
[2026-03-20T13:51:12.965+0000] {processor.py:208} INFO - Processing /opt/airflow/dags/dag_parsing_kaggle.py took 1.400 seconds
[2026-03-20T13:51:43.104+0000] {processor.py:186} INFO - Started process (PID=267) to work on /opt/airflow/dags/dag_parsing_kaggle.py
[2026-03-20T13:51:43.107+0000] {processor.py:914} INFO - Processing file /opt/airflow/dags/dag_parsing_kaggle.py for tasks to queue
[2026-03-20T13:51:43.108+0000] {logging_mixin.py:190} INFO - [2026-03-20T13:51:43.108+0000] {dagbag.py:588} INFO - Filling up the DagBag from /opt/airflow/dags/dag_parsing_kaggle.py
[2026-03-20T13:51:44.288+0000] {logging_mixin.py:190} INFO - [2026-03-20T13:51:44.287+0000] {dagbag.py:387} ERROR - Failed to import: /opt/airflow/dags/dag_parsing_kaggle.py
Traceback (most recent call last):
  File "/home/airflow/.local/lib/python3.11/site-packages/airflow/models/dagbag.py", line 383, in parse
    loader.exec_module(new_module)
  File "<frozen importlib._bootstrap_external>", line 940, in exec_module
  File "<frozen importlib._bootstrap>", line 241, in _call_with_frames_removed
  File "/opt/airflow/dags/dag_parsing_kaggle.py", line 16, in <module>
    download_kaggle_dataset = PythonOperator(
                              ^^^^^^^^^^^^^^^
  File "/home/airflow/.local/lib/python3.11/site-packages/airflow/models/baseoperator.py", line 509, in apply_defaults
    result = func(self, **kwargs, default_args=default_args)
             ^^^^^^^^^^^^^^^^^^^^^^^^^^^^^^^^^^^^^^^^^^^^^^^
  File "/home/airflow/.local/lib/python3.11/site-packages/airflow/operators/python.py", line 224, in __init__
    raise AirflowException("`python_callable` param must be callable")
airflow.exceptions.AirflowException: `python_callable` param must be callable
[2026-03-20T13:51:44.290+0000] {processor.py:927} WARNING - No viable dags retrieved from /opt/airflow/dags/dag_parsing_kaggle.py
[2026-03-20T13:51:44.307+0000] {processor.py:208} INFO - Processing /opt/airflow/dags/dag_parsing_kaggle.py took 1.208 seconds
[2026-03-20T13:52:14.433+0000] {processor.py:186} INFO - Started process (PID=292) to work on /opt/airflow/dags/dag_parsing_kaggle.py
[2026-03-20T13:52:14.436+0000] {processor.py:914} INFO - Processing file /opt/airflow/dags/dag_parsing_kaggle.py for tasks to queue
[2026-03-20T13:52:14.438+0000] {logging_mixin.py:190} INFO - [2026-03-20T13:52:14.437+0000] {dagbag.py:588} INFO - Filling up the DagBag from /opt/airflow/dags/dag_parsing_kaggle.py
[2026-03-20T13:52:14.746+0000] {logging_mixin.py:190} INFO - [2026-03-20T13:52:14.745+0000] {dagbag.py:387} ERROR - Failed to import: /opt/airflow/dags/dag_parsing_kaggle.py
Traceback (most recent call last):
  File "/home/airflow/.local/lib/python3.11/site-packages/airflow/models/dagbag.py", line 383, in parse
    loader.exec_module(new_module)
  File "<frozen importlib._bootstrap_external>", line 940, in exec_module
  File "<frozen importlib._bootstrap>", line 241, in _call_with_frames_removed
  File "/opt/airflow/dags/dag_parsing_kaggle.py", line 6, in <module>
    import utils as u
  File "/opt/airflow/dags/utils.py", line 15, in <module>
    df = download_kaggle_dataset(path)
         ^^^^^^^^^^^^^^^^^^^^^^^
NameError: name 'download_kaggle_dataset' is not defined
[2026-03-20T13:52:14.746+0000] {processor.py:927} WARNING - No viable dags retrieved from /opt/airflow/dags/dag_parsing_kaggle.py
[2026-03-20T13:52:14.767+0000] {processor.py:208} INFO - Processing /opt/airflow/dags/dag_parsing_kaggle.py took 0.340 seconds
[2026-03-20T13:52:44.890+0000] {processor.py:186} INFO - Started process (PID=317) to work on /opt/airflow/dags/dag_parsing_kaggle.py
[2026-03-20T13:52:44.893+0000] {processor.py:914} INFO - Processing file /opt/airflow/dags/dag_parsing_kaggle.py for tasks to queue
[2026-03-20T13:52:44.893+0000] {logging_mixin.py:190} INFO - [2026-03-20T13:52:44.893+0000] {dagbag.py:588} INFO - Filling up the DagBag from /opt/airflow/dags/dag_parsing_kaggle.py
[2026-03-20T13:52:46.192+0000] {logging_mixin.py:190} INFO -                  job_title  experience_years  ... certifications  salary
0              AI Engineer                10  ...              2  109413
1             Data Analyst                 5  ...              0   93764
2       Frontend Developer                18  ...              1  148123
3         Business Analyst                19  ...              0  189123
4          Product Manager                15  ...              0  165069
...                    ...               ...  ...            ...     ...
249990        Data Analyst                 4  ...              0   87314
249991   Backend Developer                 0  ...              3  149227
249992        Data Analyst                 7  ...              0   94870
249993  Frontend Developer                17  ...              1  193028
249994    Business Analyst                13  ...              3  171896

[249995 rows x 10 columns]
[2026-03-20T13:52:46.192+0000] {logging_mixin.py:190} INFO - (250000, 10)
[2026-03-20T13:52:46.993+0000] {logging_mixin.py:190} INFO - [2026-03-20T13:52:46.992+0000] {dagbag.py:387} ERROR - Failed to import: /opt/airflow/dags/dag_parsing_kaggle.py
Traceback (most recent call last):
  File "/home/airflow/.local/lib/python3.11/site-packages/airflow/models/dagbag.py", line 383, in parse
    loader.exec_module(new_module)
  File "<frozen importlib._bootstrap_external>", line 940, in exec_module
  File "<frozen importlib._bootstrap>", line 241, in _call_with_frames_removed
  File "/opt/airflow/dags/dag_parsing_kaggle.py", line 16, in <module>
    download_kaggle_dataset = PythonOperator(
                              ^^^^^^^^^^^^^^^
  File "/home/airflow/.local/lib/python3.11/site-packages/airflow/models/baseoperator.py", line 509, in apply_defaults
    result = func(self, **kwargs, default_args=default_args)
             ^^^^^^^^^^^^^^^^^^^^^^^^^^^^^^^^^^^^^^^^^^^^^^^
  File "/home/airflow/.local/lib/python3.11/site-packages/airflow/operators/python.py", line 224, in __init__
    raise AirflowException("`python_callable` param must be callable")
airflow.exceptions.AirflowException: `python_callable` param must be callable
[2026-03-20T13:52:46.999+0000] {processor.py:927} WARNING - No viable dags retrieved from /opt/airflow/dags/dag_parsing_kaggle.py
[2026-03-20T13:52:47.011+0000] {processor.py:208} INFO - Processing /opt/airflow/dags/dag_parsing_kaggle.py took 2.126 seconds
[2026-03-20T13:53:17.137+0000] {processor.py:186} INFO - Started process (PID=342) to work on /opt/airflow/dags/dag_parsing_kaggle.py
[2026-03-20T13:53:17.140+0000] {processor.py:914} INFO - Processing file /opt/airflow/dags/dag_parsing_kaggle.py for tasks to queue
[2026-03-20T13:53:17.140+0000] {logging_mixin.py:190} INFO - [2026-03-20T13:53:17.140+0000] {dagbag.py:588} INFO - Filling up the DagBag from /opt/airflow/dags/dag_parsing_kaggle.py
[2026-03-20T13:53:18.484+0000] {logging_mixin.py:190} INFO -                  job_title  experience_years  ... certifications  salary
0              AI Engineer                10  ...              2  109413
1             Data Analyst                 5  ...              0   93764
2       Frontend Developer                18  ...              1  148123
3         Business Analyst                19  ...              0  189123
4          Product Manager                15  ...              0  165069
...                    ...               ...  ...            ...     ...
249990        Data Analyst                 4  ...              0   87314
249991   Backend Developer                 0  ...              3  149227
249992        Data Analyst                 7  ...              0   94870
249993  Frontend Developer                17  ...              1  193028
249994    Business Analyst                13  ...              3  171896

[249995 rows x 10 columns]
[2026-03-20T13:53:18.484+0000] {logging_mixin.py:190} INFO - (250000, 10)
[2026-03-20T13:53:19.176+0000] {logging_mixin.py:190} INFO - [2026-03-20T13:53:19.175+0000] {dagbag.py:387} ERROR - Failed to import: /opt/airflow/dags/dag_parsing_kaggle.py
Traceback (most recent call last):
  File "/home/airflow/.local/lib/python3.11/site-packages/airflow/models/dagbag.py", line 383, in parse
    loader.exec_module(new_module)
  File "<frozen importlib._bootstrap_external>", line 940, in exec_module
  File "<frozen importlib._bootstrap>", line 241, in _call_with_frames_removed
  File "/opt/airflow/dags/dag_parsing_kaggle.py", line 16, in <module>
    download_kaggle_dataset = PythonOperator(
                              ^^^^^^^^^^^^^^^
  File "/home/airflow/.local/lib/python3.11/site-packages/airflow/models/baseoperator.py", line 509, in apply_defaults
    result = func(self, **kwargs, default_args=default_args)
             ^^^^^^^^^^^^^^^^^^^^^^^^^^^^^^^^^^^^^^^^^^^^^^^
  File "/home/airflow/.local/lib/python3.11/site-packages/airflow/operators/python.py", line 224, in __init__
    raise AirflowException("`python_callable` param must be callable")
airflow.exceptions.AirflowException: `python_callable` param must be callable
[2026-03-20T13:53:19.179+0000] {processor.py:927} WARNING - No viable dags retrieved from /opt/airflow/dags/dag_parsing_kaggle.py
[2026-03-20T13:53:19.197+0000] {processor.py:208} INFO - Processing /opt/airflow/dags/dag_parsing_kaggle.py took 2.066 seconds
[2026-03-20T13:53:33.207+0000] {processor.py:186} INFO - Started process (PID=367) to work on /opt/airflow/dags/dag_parsing_kaggle.py
[2026-03-20T13:53:33.208+0000] {processor.py:914} INFO - Processing file /opt/airflow/dags/dag_parsing_kaggle.py for tasks to queue
[2026-03-20T13:53:33.209+0000] {logging_mixin.py:190} INFO - [2026-03-20T13:53:33.209+0000] {dagbag.py:588} INFO - Filling up the DagBag from /opt/airflow/dags/dag_parsing_kaggle.py
[2026-03-20T13:53:33.211+0000] {logging_mixin.py:190} INFO - [2026-03-20T13:53:33.210+0000] {dagbag.py:387} ERROR - Failed to import: /opt/airflow/dags/dag_parsing_kaggle.py
Traceback (most recent call last):
  File "/home/airflow/.local/lib/python3.11/site-packages/airflow/models/dagbag.py", line 383, in parse
    loader.exec_module(new_module)
  File "<frozen importlib._bootstrap_external>", line 936, in exec_module
  File "<frozen importlib._bootstrap_external>", line 1074, in get_code
  File "<frozen importlib._bootstrap_external>", line 1004, in source_to_code
  File "<frozen importlib._bootstrap>", line 241, in _call_with_frames_removed
  File "/opt/airflow/dags/dag_parsing_kaggle.py", line 21
    python_callable=kagglehub.load_dataset(KaggleDatasetAdapter.PANDAS, "nalisha/job-salary-prediction-dataset", path)
                    
SyntaxError: invalid syntax. Perhaps you forgot a comma?
[2026-03-20T13:53:33.211+0000] {processor.py:927} WARNING - No viable dags retrieved from /opt/airflow/dags/dag_parsing_kaggle.py
[2026-03-20T13:53:33.229+0000] {processor.py:208} INFO - Processing /opt/airflow/dags/dag_parsing_kaggle.py took 0.028 seconds
[2026-03-20T13:53:47.273+0000] {processor.py:186} INFO - Started process (PID=368) to work on /opt/airflow/dags/dag_parsing_kaggle.py
[2026-03-20T13:53:47.274+0000] {processor.py:914} INFO - Processing file /opt/airflow/dags/dag_parsing_kaggle.py for tasks to queue
[2026-03-20T13:53:47.275+0000] {logging_mixin.py:190} INFO - [2026-03-20T13:53:47.275+0000] {dagbag.py:588} INFO - Filling up the DagBag from /opt/airflow/dags/dag_parsing_kaggle.py
[2026-03-20T13:53:47.277+0000] {logging_mixin.py:190} INFO - [2026-03-20T13:53:47.276+0000] {dagbag.py:387} ERROR - Failed to import: /opt/airflow/dags/dag_parsing_kaggle.py
Traceback (most recent call last):
  File "/home/airflow/.local/lib/python3.11/site-packages/airflow/models/dagbag.py", line 383, in parse
    loader.exec_module(new_module)
  File "<frozen importlib._bootstrap_external>", line 936, in exec_module
  File "<frozen importlib._bootstrap_external>", line 1074, in get_code
  File "<frozen importlib._bootstrap_external>", line 1004, in source_to_code
  File "<frozen importlib._bootstrap>", line 241, in _call_with_frames_removed
  File "/opt/airflow/dags/dag_parsing_kaggle.py", line 23
    python_callable=kagglehub.load_dataset(KaggleDatasetAdapter.PANDAS, "nalisha/job-salary-prediction-dataset", path)
                    
SyntaxError: invalid syntax. Perhaps you forgot a comma?
[2026-03-20T13:53:47.277+0000] {processor.py:927} WARNING - No viable dags retrieved from /opt/airflow/dags/dag_parsing_kaggle.py
[2026-03-20T13:53:47.294+0000] {processor.py:208} INFO - Processing /opt/airflow/dags/dag_parsing_kaggle.py took 0.027 seconds
[2026-03-20T13:53:56.337+0000] {processor.py:186} INFO - Started process (PID=369) to work on /opt/airflow/dags/dag_parsing_kaggle.py
[2026-03-20T13:53:56.338+0000] {processor.py:914} INFO - Processing file /opt/airflow/dags/dag_parsing_kaggle.py for tasks to queue
[2026-03-20T13:53:56.339+0000] {logging_mixin.py:190} INFO - [2026-03-20T13:53:56.339+0000] {dagbag.py:588} INFO - Filling up the DagBag from /opt/airflow/dags/dag_parsing_kaggle.py
[2026-03-20T13:53:56.343+0000] {logging_mixin.py:190} INFO - [2026-03-20T13:53:56.341+0000] {dagbag.py:387} ERROR - Failed to import: /opt/airflow/dags/dag_parsing_kaggle.py
Traceback (most recent call last):
  File "/home/airflow/.local/lib/python3.11/site-packages/airflow/models/dagbag.py", line 383, in parse
    loader.exec_module(new_module)
  File "<frozen importlib._bootstrap_external>", line 936, in exec_module
  File "<frozen importlib._bootstrap_external>", line 1074, in get_code
  File "<frozen importlib._bootstrap_external>", line 1004, in source_to_code
  File "<frozen importlib._bootstrap>", line 241, in _call_with_frames_removed
  File "/opt/airflow/dags/dag_parsing_kaggle.py", line 23
    python_callable=kagglehub.load_dataset(KaggleDatasetAdapter.PANDAS, "nalisha/job-salary-prediction-dataset", path)
                    
SyntaxError: invalid syntax. Perhaps you forgot a comma?
[2026-03-20T13:53:56.343+0000] {processor.py:927} WARNING - No viable dags retrieved from /opt/airflow/dags/dag_parsing_kaggle.py
[2026-03-20T13:53:56.366+0000] {processor.py:208} INFO - Processing /opt/airflow/dags/dag_parsing_kaggle.py took 0.035 seconds
[2026-03-20T13:54:09.409+0000] {processor.py:186} INFO - Started process (PID=376) to work on /opt/airflow/dags/dag_parsing_kaggle.py
[2026-03-20T13:54:09.410+0000] {processor.py:914} INFO - Processing file /opt/airflow/dags/dag_parsing_kaggle.py for tasks to queue
[2026-03-20T13:54:09.410+0000] {logging_mixin.py:190} INFO - [2026-03-20T13:54:09.410+0000] {dagbag.py:588} INFO - Filling up the DagBag from /opt/airflow/dags/dag_parsing_kaggle.py
[2026-03-20T13:54:09.412+0000] {logging_mixin.py:190} INFO - [2026-03-20T13:54:09.412+0000] {dagbag.py:387} ERROR - Failed to import: /opt/airflow/dags/dag_parsing_kaggle.py
Traceback (most recent call last):
  File "/home/airflow/.local/lib/python3.11/site-packages/airflow/models/dagbag.py", line 383, in parse
    loader.exec_module(new_module)
  File "<frozen importlib._bootstrap_external>", line 936, in exec_module
  File "<frozen importlib._bootstrap_external>", line 1074, in get_code
  File "<frozen importlib._bootstrap_external>", line 1004, in source_to_code
  File "<frozen importlib._bootstrap>", line 241, in _call_with_frames_removed
  File "/opt/airflow/dags/dag_parsing_kaggle.py", line 21
    python_callable=kagglehub.load_dataset(KaggleDatasetAdapter.PANDAS, "nalisha/job-salary-prediction-dataset", path)
                    
SyntaxError: invalid syntax. Perhaps you forgot a comma?
[2026-03-20T13:54:09.413+0000] {processor.py:927} WARNING - No viable dags retrieved from /opt/airflow/dags/dag_parsing_kaggle.py
[2026-03-20T13:54:09.431+0000] {processor.py:208} INFO - Processing /opt/airflow/dags/dag_parsing_kaggle.py took 0.027 seconds
[2026-03-20T13:54:38.550+0000] {processor.py:186} INFO - Started process (PID=382) to work on /opt/airflow/dags/dag_parsing_kaggle.py
[2026-03-20T13:54:38.551+0000] {processor.py:914} INFO - Processing file /opt/airflow/dags/dag_parsing_kaggle.py for tasks to queue
[2026-03-20T13:54:38.552+0000] {logging_mixin.py:190} INFO - [2026-03-20T13:54:38.552+0000] {dagbag.py:588} INFO - Filling up the DagBag from /opt/airflow/dags/dag_parsing_kaggle.py
[2026-03-20T13:54:39.883+0000] {logging_mixin.py:190} INFO -                  job_title  experience_years  ... certifications  salary
0              AI Engineer                10  ...              2  109413
1             Data Analyst                 5  ...              0   93764
2       Frontend Developer                18  ...              1  148123
3         Business Analyst                19  ...              0  189123
4          Product Manager                15  ...              0  165069
...                    ...               ...  ...            ...     ...
249990        Data Analyst                 4  ...              0   87314
249991   Backend Developer                 0  ...              3  149227
249992        Data Analyst                 7  ...              0   94870
249993  Frontend Developer                17  ...              1  193028
249994    Business Analyst                13  ...              3  171896

[249995 rows x 10 columns]
[2026-03-20T13:54:39.883+0000] {logging_mixin.py:190} INFO - (250000, 10)
[2026-03-20T13:54:39.885+0000] {logging_mixin.py:190} INFO - [2026-03-20T13:54:39.885+0000] {dagbag.py:387} ERROR - Failed to import: /opt/airflow/dags/dag_parsing_kaggle.py
Traceback (most recent call last):
  File "/home/airflow/.local/lib/python3.11/site-packages/airflow/models/dagbag.py", line 383, in parse
    loader.exec_module(new_module)
  File "<frozen importlib._bootstrap_external>", line 940, in exec_module
  File "<frozen importlib._bootstrap>", line 241, in _call_with_frames_removed
  File "/opt/airflow/dags/dag_parsing_kaggle.py", line 18, in <module>
    python_callable=kagglehub.load_dataset(KaggleDatasetAdapter.PANDAS, "nalisha/job-salary-prediction-dataset", path),
                    ^^^^^^^^^
NameError: name 'kagglehub' is not defined
[2026-03-20T13:54:39.885+0000] {processor.py:927} WARNING - No viable dags retrieved from /opt/airflow/dags/dag_parsing_kaggle.py
[2026-03-20T13:54:39.900+0000] {processor.py:208} INFO - Processing /opt/airflow/dags/dag_parsing_kaggle.py took 1.354 seconds
[2026-03-20T13:54:54.626+0000] {processor.py:186} INFO - Started process (PID=401) to work on /opt/airflow/dags/dag_parsing_kaggle.py
[2026-03-20T13:54:54.626+0000] {processor.py:914} INFO - Processing file /opt/airflow/dags/dag_parsing_kaggle.py for tasks to queue
[2026-03-20T13:54:54.627+0000] {logging_mixin.py:190} INFO - [2026-03-20T13:54:54.627+0000] {dagbag.py:588} INFO - Filling up the DagBag from /opt/airflow/dags/dag_parsing_kaggle.py
[2026-03-20T13:54:55.966+0000] {logging_mixin.py:190} INFO -                  job_title  experience_years  ... certifications  salary
0              AI Engineer                10  ...              2  109413
1             Data Analyst                 5  ...              0   93764
2       Frontend Developer                18  ...              1  148123
3         Business Analyst                19  ...              0  189123
4          Product Manager                15  ...              0  165069
...                    ...               ...  ...            ...     ...
249990        Data Analyst                 4  ...              0   87314
249991   Backend Developer                 0  ...              3  149227
249992        Data Analyst                 7  ...              0   94870
249993  Frontend Developer                17  ...              1  193028
249994    Business Analyst                13  ...              3  171896

[249995 rows x 10 columns]
[2026-03-20T13:54:55.967+0000] {logging_mixin.py:190} INFO - (250000, 10)
[2026-03-20T13:54:56.764+0000] {logging_mixin.py:190} INFO - [2026-03-20T13:54:56.763+0000] {dagbag.py:387} ERROR - Failed to import: /opt/airflow/dags/dag_parsing_kaggle.py
Traceback (most recent call last):
  File "/home/airflow/.local/lib/python3.11/site-packages/airflow/models/dagbag.py", line 383, in parse
    loader.exec_module(new_module)
  File "<frozen importlib._bootstrap_external>", line 940, in exec_module
  File "<frozen importlib._bootstrap>", line 241, in _call_with_frames_removed
  File "/opt/airflow/dags/dag_parsing_kaggle.py", line 22, in <module>
    task_id="download_kaggle_dataset",
                          ^^^^^^^^^^^^
  File "/home/airflow/.local/lib/python3.11/site-packages/airflow/models/baseoperator.py", line 509, in apply_defaults
    result = func(self, **kwargs, default_args=default_args)
             ^^^^^^^^^^^^^^^^^^^^^^^^^^^^^^^^^^^^^^^^^^^^^^^
  File "/home/airflow/.local/lib/python3.11/site-packages/airflow/operators/python.py", line 224, in __init__
    raise AirflowException("`python_callable` param must be callable")
airflow.exceptions.AirflowException: `python_callable` param must be callable
[2026-03-20T13:54:56.772+0000] {processor.py:927} WARNING - No viable dags retrieved from /opt/airflow/dags/dag_parsing_kaggle.py
[2026-03-20T13:54:56.792+0000] {processor.py:208} INFO - Processing /opt/airflow/dags/dag_parsing_kaggle.py took 2.171 seconds
[2026-03-20T13:55:26.936+0000] {processor.py:186} INFO - Started process (PID=426) to work on /opt/airflow/dags/dag_parsing_kaggle.py
[2026-03-20T13:55:26.939+0000] {processor.py:914} INFO - Processing file /opt/airflow/dags/dag_parsing_kaggle.py for tasks to queue
[2026-03-20T13:55:26.940+0000] {logging_mixin.py:190} INFO - [2026-03-20T13:55:26.940+0000] {dagbag.py:588} INFO - Filling up the DagBag from /opt/airflow/dags/dag_parsing_kaggle.py
[2026-03-20T13:55:28.254+0000] {logging_mixin.py:190} INFO -                  job_title  experience_years  ... certifications  salary
0              AI Engineer                10  ...              2  109413
1             Data Analyst                 5  ...              0   93764
2       Frontend Developer                18  ...              1  148123
3         Business Analyst                19  ...              0  189123
4          Product Manager                15  ...              0  165069
...                    ...               ...  ...            ...     ...
249990        Data Analyst                 4  ...              0   87314
249991   Backend Developer                 0  ...              3  149227
249992        Data Analyst                 7  ...              0   94870
249993  Frontend Developer                17  ...              1  193028
249994    Business Analyst                13  ...              3  171896

[249995 rows x 10 columns]
[2026-03-20T13:55:28.254+0000] {logging_mixin.py:190} INFO - (250000, 10)
[2026-03-20T13:55:29.101+0000] {logging_mixin.py:190} INFO - [2026-03-20T13:55:29.099+0000] {dagbag.py:387} ERROR - Failed to import: /opt/airflow/dags/dag_parsing_kaggle.py
Traceback (most recent call last):
  File "/home/airflow/.local/lib/python3.11/site-packages/airflow/models/dagbag.py", line 383, in parse
    loader.exec_module(new_module)
  File "<frozen importlib._bootstrap_external>", line 940, in exec_module
  File "<frozen importlib._bootstrap>", line 241, in _call_with_frames_removed
  File "/opt/airflow/dags/dag_parsing_kaggle.py", line 21, in <module>
    download_kaggle_dataset = PythonOperator(
                              ^^^^^^^^^^^^^^^
  File "/home/airflow/.local/lib/python3.11/site-packages/airflow/models/baseoperator.py", line 509, in apply_defaults
    result = func(self, **kwargs, default_args=default_args)
             ^^^^^^^^^^^^^^^^^^^^^^^^^^^^^^^^^^^^^^^^^^^^^^^
  File "/home/airflow/.local/lib/python3.11/site-packages/airflow/operators/python.py", line 224, in __init__
    raise AirflowException("`python_callable` param must be callable")
airflow.exceptions.AirflowException: `python_callable` param must be callable
[2026-03-20T13:55:29.112+0000] {processor.py:927} WARNING - No viable dags retrieved from /opt/airflow/dags/dag_parsing_kaggle.py
[2026-03-20T13:55:29.132+0000] {processor.py:208} INFO - Processing /opt/airflow/dags/dag_parsing_kaggle.py took 2.201 seconds
[2026-03-20T13:55:45.009+0000] {processor.py:186} INFO - Started process (PID=451) to work on /opt/airflow/dags/dag_parsing_kaggle.py
[2026-03-20T13:55:45.012+0000] {processor.py:914} INFO - Processing file /opt/airflow/dags/dag_parsing_kaggle.py for tasks to queue
[2026-03-20T13:55:45.014+0000] {logging_mixin.py:190} INFO - [2026-03-20T13:55:45.014+0000] {dagbag.py:588} INFO - Filling up the DagBag from /opt/airflow/dags/dag_parsing_kaggle.py
[2026-03-20T13:55:46.362+0000] {logging_mixin.py:190} INFO -                  job_title  experience_years  ... certifications  salary
0              AI Engineer                10  ...              2  109413
1             Data Analyst                 5  ...              0   93764
2       Frontend Developer                18  ...              1  148123
3         Business Analyst                19  ...              0  189123
4          Product Manager                15  ...              0  165069
...                    ...               ...  ...            ...     ...
249990        Data Analyst                 4  ...              0   87314
249991   Backend Developer                 0  ...              3  149227
249992        Data Analyst                 7  ...              0   94870
249993  Frontend Developer                17  ...              1  193028
249994    Business Analyst                13  ...              3  171896

[249995 rows x 10 columns]
[2026-03-20T13:55:46.362+0000] {logging_mixin.py:190} INFO - (250000, 10)
[2026-03-20T13:55:47.175+0000] {logging_mixin.py:190} INFO - [2026-03-20T13:55:47.174+0000] {dagbag.py:387} ERROR - Failed to import: /opt/airflow/dags/dag_parsing_kaggle.py
Traceback (most recent call last):
  File "/home/airflow/.local/lib/python3.11/site-packages/airflow/models/dagbag.py", line 383, in parse
    loader.exec_module(new_module)
  File "<frozen importlib._bootstrap_external>", line 940, in exec_module
  File "<frozen importlib._bootstrap>", line 241, in _call_with_frames_removed
  File "/opt/airflow/dags/dag_parsing_kaggle.py", line 16, in <module>
    download_kaggle_dataset = PythonOperator(
                              ^^^^^^^^^^^^^^^
  File "/home/airflow/.local/lib/python3.11/site-packages/airflow/models/baseoperator.py", line 509, in apply_defaults
    result = func(self, **kwargs, default_args=default_args)
             ^^^^^^^^^^^^^^^^^^^^^^^^^^^^^^^^^^^^^^^^^^^^^^^
  File "/home/airflow/.local/lib/python3.11/site-packages/airflow/operators/python.py", line 224, in __init__
    raise AirflowException("`python_callable` param must be callable")
airflow.exceptions.AirflowException: `python_callable` param must be callable
[2026-03-20T13:55:47.181+0000] {processor.py:927} WARNING - No viable dags retrieved from /opt/airflow/dags/dag_parsing_kaggle.py
[2026-03-20T13:55:47.198+0000] {processor.py:208} INFO - Processing /opt/airflow/dags/dag_parsing_kaggle.py took 2.195 seconds
[2026-03-20T13:56:17.348+0000] {processor.py:186} INFO - Started process (PID=476) to work on /opt/airflow/dags/dag_parsing_kaggle.py
[2026-03-20T13:56:17.350+0000] {processor.py:914} INFO - Processing file /opt/airflow/dags/dag_parsing_kaggle.py for tasks to queue
[2026-03-20T13:56:17.351+0000] {logging_mixin.py:190} INFO - [2026-03-20T13:56:17.351+0000] {dagbag.py:588} INFO - Filling up the DagBag from /opt/airflow/dags/dag_parsing_kaggle.py
[2026-03-20T13:56:18.674+0000] {logging_mixin.py:190} INFO -                  job_title  experience_years  ... certifications  salary
0              AI Engineer                10  ...              2  109413
1             Data Analyst                 5  ...              0   93764
2       Frontend Developer                18  ...              1  148123
3         Business Analyst                19  ...              0  189123
4          Product Manager                15  ...              0  165069
...                    ...               ...  ...            ...     ...
249990        Data Analyst                 4  ...              0   87314
249991   Backend Developer                 0  ...              3  149227
249992        Data Analyst                 7  ...              0   94870
249993  Frontend Developer                17  ...              1  193028
249994    Business Analyst                13  ...              3  171896

[249995 rows x 10 columns]
[2026-03-20T13:56:18.675+0000] {logging_mixin.py:190} INFO - (250000, 10)
[2026-03-20T13:56:19.477+0000] {logging_mixin.py:190} INFO - [2026-03-20T13:56:19.476+0000] {dagbag.py:387} ERROR - Failed to import: /opt/airflow/dags/dag_parsing_kaggle.py
Traceback (most recent call last):
  File "/home/airflow/.local/lib/python3.11/site-packages/airflow/models/dagbag.py", line 383, in parse
    loader.exec_module(new_module)
  File "<frozen importlib._bootstrap_external>", line 940, in exec_module
  File "<frozen importlib._bootstrap>", line 241, in _call_with_frames_removed
  File "/opt/airflow/dags/dag_parsing_kaggle.py", line 16, in <module>
    download_kaggle_dataset = PythonOperator(
                              ^^^^^^^^^^^^^^^
  File "/home/airflow/.local/lib/python3.11/site-packages/airflow/models/baseoperator.py", line 509, in apply_defaults
    result = func(self, **kwargs, default_args=default_args)
             ^^^^^^^^^^^^^^^^^^^^^^^^^^^^^^^^^^^^^^^^^^^^^^^
  File "/home/airflow/.local/lib/python3.11/site-packages/airflow/operators/python.py", line 224, in __init__
    raise AirflowException("`python_callable` param must be callable")
airflow.exceptions.AirflowException: `python_callable` param must be callable
[2026-03-20T13:56:19.482+0000] {processor.py:927} WARNING - No viable dags retrieved from /opt/airflow/dags/dag_parsing_kaggle.py
[2026-03-20T13:56:19.503+0000] {processor.py:208} INFO - Processing /opt/airflow/dags/dag_parsing_kaggle.py took 2.159 seconds
[2026-03-20T13:56:49.630+0000] {processor.py:186} INFO - Started process (PID=501) to work on /opt/airflow/dags/dag_parsing_kaggle.py
[2026-03-20T13:56:49.633+0000] {processor.py:914} INFO - Processing file /opt/airflow/dags/dag_parsing_kaggle.py for tasks to queue
[2026-03-20T13:56:49.634+0000] {logging_mixin.py:190} INFO - [2026-03-20T13:56:49.633+0000] {dagbag.py:588} INFO - Filling up the DagBag from /opt/airflow/dags/dag_parsing_kaggle.py
[2026-03-20T13:56:50.903+0000] {logging_mixin.py:190} INFO -                  job_title  experience_years  ... certifications  salary
0              AI Engineer                10  ...              2  109413
1             Data Analyst                 5  ...              0   93764
2       Frontend Developer                18  ...              1  148123
3         Business Analyst                19  ...              0  189123
4          Product Manager                15  ...              0  165069
...                    ...               ...  ...            ...     ...
249990        Data Analyst                 4  ...              0   87314
249991   Backend Developer                 0  ...              3  149227
249992        Data Analyst                 7  ...              0   94870
249993  Frontend Developer                17  ...              1  193028
249994    Business Analyst                13  ...              3  171896

[249995 rows x 10 columns]
[2026-03-20T13:56:50.903+0000] {logging_mixin.py:190} INFO - (250000, 10)
[2026-03-20T13:56:51.621+0000] {logging_mixin.py:190} INFO - [2026-03-20T13:56:51.620+0000] {dagbag.py:387} ERROR - Failed to import: /opt/airflow/dags/dag_parsing_kaggle.py
Traceback (most recent call last):
  File "/home/airflow/.local/lib/python3.11/site-packages/airflow/models/dagbag.py", line 383, in parse
    loader.exec_module(new_module)
  File "<frozen importlib._bootstrap_external>", line 940, in exec_module
  File "<frozen importlib._bootstrap>", line 241, in _call_with_frames_removed
  File "/opt/airflow/dags/dag_parsing_kaggle.py", line 16, in <module>
    download_kaggle_dataset = PythonOperator(
                              ^^^^^^^^^^^^^^^
  File "/home/airflow/.local/lib/python3.11/site-packages/airflow/models/baseoperator.py", line 509, in apply_defaults
    result = func(self, **kwargs, default_args=default_args)
             ^^^^^^^^^^^^^^^^^^^^^^^^^^^^^^^^^^^^^^^^^^^^^^^
  File "/home/airflow/.local/lib/python3.11/site-packages/airflow/operators/python.py", line 224, in __init__
    raise AirflowException("`python_callable` param must be callable")
airflow.exceptions.AirflowException: `python_callable` param must be callable
[2026-03-20T13:56:51.628+0000] {processor.py:927} WARNING - No viable dags retrieved from /opt/airflow/dags/dag_parsing_kaggle.py
[2026-03-20T13:56:51.646+0000] {processor.py:208} INFO - Processing /opt/airflow/dags/dag_parsing_kaggle.py took 2.020 seconds
[2026-03-20T13:57:21.758+0000] {processor.py:186} INFO - Started process (PID=525) to work on /opt/airflow/dags/dag_parsing_kaggle.py
[2026-03-20T13:57:21.761+0000] {processor.py:914} INFO - Processing file /opt/airflow/dags/dag_parsing_kaggle.py for tasks to queue
[2026-03-20T13:57:21.763+0000] {logging_mixin.py:190} INFO - [2026-03-20T13:57:21.762+0000] {dagbag.py:588} INFO - Filling up the DagBag from /opt/airflow/dags/dag_parsing_kaggle.py
[2026-03-20T13:57:23.111+0000] {logging_mixin.py:190} INFO -                  job_title  experience_years  ... certifications  salary
0              AI Engineer                10  ...              2  109413
1             Data Analyst                 5  ...              0   93764
2       Frontend Developer                18  ...              1  148123
3         Business Analyst                19  ...              0  189123
4          Product Manager                15  ...              0  165069
...                    ...               ...  ...            ...     ...
249990        Data Analyst                 4  ...              0   87314
249991   Backend Developer                 0  ...              3  149227
249992        Data Analyst                 7  ...              0   94870
249993  Frontend Developer                17  ...              1  193028
249994    Business Analyst                13  ...              3  171896

[249995 rows x 10 columns]
[2026-03-20T13:57:23.112+0000] {logging_mixin.py:190} INFO - (250000, 10)
[2026-03-20T13:57:23.939+0000] {logging_mixin.py:190} INFO - [2026-03-20T13:57:23.938+0000] {dagbag.py:387} ERROR - Failed to import: /opt/airflow/dags/dag_parsing_kaggle.py
Traceback (most recent call last):
  File "/home/airflow/.local/lib/python3.11/site-packages/airflow/models/dagbag.py", line 383, in parse
    loader.exec_module(new_module)
  File "<frozen importlib._bootstrap_external>", line 940, in exec_module
  File "<frozen importlib._bootstrap>", line 241, in _call_with_frames_removed
  File "/opt/airflow/dags/dag_parsing_kaggle.py", line 16, in <module>
    download_kaggle_dataset = PythonOperator(
                              ^^^^^^^^^^^^^^^
  File "/home/airflow/.local/lib/python3.11/site-packages/airflow/models/baseoperator.py", line 509, in apply_defaults
    result = func(self, **kwargs, default_args=default_args)
             ^^^^^^^^^^^^^^^^^^^^^^^^^^^^^^^^^^^^^^^^^^^^^^^
  File "/home/airflow/.local/lib/python3.11/site-packages/airflow/operators/python.py", line 224, in __init__
    raise AirflowException("`python_callable` param must be callable")
airflow.exceptions.AirflowException: `python_callable` param must be callable
[2026-03-20T13:57:23.946+0000] {processor.py:927} WARNING - No viable dags retrieved from /opt/airflow/dags/dag_parsing_kaggle.py
[2026-03-20T13:57:23.967+0000] {processor.py:208} INFO - Processing /opt/airflow/dags/dag_parsing_kaggle.py took 2.214 seconds
[2026-03-20T13:57:43.849+0000] {processor.py:186} INFO - Started process (PID=550) to work on /opt/airflow/dags/dag_parsing_kaggle.py
[2026-03-20T13:57:43.849+0000] {processor.py:914} INFO - Processing file /opt/airflow/dags/dag_parsing_kaggle.py for tasks to queue
[2026-03-20T13:57:43.850+0000] {logging_mixin.py:190} INFO - [2026-03-20T13:57:43.849+0000] {dagbag.py:588} INFO - Filling up the DagBag from /opt/airflow/dags/dag_parsing_kaggle.py
[2026-03-20T13:57:45.201+0000] {logging_mixin.py:190} INFO -                  job_title  experience_years  ... certifications  salary
0              AI Engineer                10  ...              2  109413
1             Data Analyst                 5  ...              0   93764
2       Frontend Developer                18  ...              1  148123
3         Business Analyst                19  ...              0  189123
4          Product Manager                15  ...              0  165069
...                    ...               ...  ...            ...     ...
249990        Data Analyst                 4  ...              0   87314
249991   Backend Developer                 0  ...              3  149227
249992        Data Analyst                 7  ...              0   94870
249993  Frontend Developer                17  ...              1  193028
249994    Business Analyst                13  ...              3  171896

[249995 rows x 10 columns]
[2026-03-20T13:57:45.201+0000] {logging_mixin.py:190} INFO - (250000, 10)
[2026-03-20T13:57:45.206+0000] {processor.py:925} INFO - DAG(s) 'dag_parsing_kaggle' retrieved from /opt/airflow/dags/dag_parsing_kaggle.py
[2026-03-20T13:57:45.438+0000] {logging_mixin.py:190} INFO - [2026-03-20T13:57:45.437+0000] {dag.py:3239} INFO - Sync 1 DAGs
[2026-03-20T13:57:45.443+0000] {logging_mixin.py:190} INFO - [2026-03-20T13:57:45.443+0000] {dag.py:4180} INFO - Setting next_dagrun for dag_parsing_kaggle to None, run_after=None
[2026-03-20T13:57:45.461+0000] {processor.py:208} INFO - Processing /opt/airflow/dags/dag_parsing_kaggle.py took 1.616 seconds
[2026-03-20T13:58:15.607+0000] {processor.py:186} INFO - Started process (PID=575) to work on /opt/airflow/dags/dag_parsing_kaggle.py
[2026-03-20T13:58:15.610+0000] {processor.py:914} INFO - Processing file /opt/airflow/dags/dag_parsing_kaggle.py for tasks to queue
[2026-03-20T13:58:15.611+0000] {logging_mixin.py:190} INFO - [2026-03-20T13:58:15.611+0000] {dagbag.py:588} INFO - Filling up the DagBag from /opt/airflow/dags/dag_parsing_kaggle.py
[2026-03-20T13:58:15.940+0000] {logging_mixin.py:190} INFO - [2026-03-20T13:58:15.939+0000] {dagbag.py:387} ERROR - Failed to import: /opt/airflow/dags/dag_parsing_kaggle.py
Traceback (most recent call last):
  File "/home/airflow/.local/lib/python3.11/site-packages/airflow/models/dagbag.py", line 383, in parse
    loader.exec_module(new_module)
  File "<frozen importlib._bootstrap_external>", line 940, in exec_module
  File "<frozen importlib._bootstrap>", line 241, in _call_with_frames_removed
  File "/opt/airflow/dags/dag_parsing_kaggle.py", line 6, in <module>
    import utils as u
  File "/opt/airflow/dags/utils.py", line 15, in <module>
    df = download_kaggle(path)
                         ^^^^
NameError: name 'path' is not defined
[2026-03-20T13:58:15.941+0000] {processor.py:927} WARNING - No viable dags retrieved from /opt/airflow/dags/dag_parsing_kaggle.py
[2026-03-20T13:58:15.961+0000] {processor.py:208} INFO - Processing /opt/airflow/dags/dag_parsing_kaggle.py took 0.360 seconds
[2026-03-20T13:58:29.028+0000] {processor.py:186} INFO - Started process (PID=594) to work on /opt/airflow/dags/dag_parsing_kaggle.py
[2026-03-20T13:58:29.031+0000] {processor.py:914} INFO - Processing file /opt/airflow/dags/dag_parsing_kaggle.py for tasks to queue
[2026-03-20T13:58:29.031+0000] {logging_mixin.py:190} INFO - [2026-03-20T13:58:29.031+0000] {dagbag.py:588} INFO - Filling up the DagBag from /opt/airflow/dags/dag_parsing_kaggle.py
[2026-03-20T13:58:29.326+0000] {processor.py:925} INFO - DAG(s) 'dag_parsing_kaggle' retrieved from /opt/airflow/dags/dag_parsing_kaggle.py
[2026-03-20T13:58:29.349+0000] {logging_mixin.py:190} INFO - [2026-03-20T13:58:29.349+0000] {dag.py:3239} INFO - Sync 1 DAGs
[2026-03-20T13:58:29.362+0000] {logging_mixin.py:190} INFO - [2026-03-20T13:58:29.362+0000] {dag.py:4180} INFO - Setting next_dagrun for dag_parsing_kaggle to None, run_after=None
[2026-03-20T13:58:29.377+0000] {processor.py:208} INFO - Processing /opt/airflow/dags/dag_parsing_kaggle.py took 0.353 seconds
[2026-03-20T13:59:14.716+0000] {processor.py:186} INFO - Started process (PID=40) to work on /opt/airflow/dags/dag_parsing_kaggle.py
[2026-03-20T13:59:14.717+0000] {processor.py:914} INFO - Processing file /opt/airflow/dags/dag_parsing_kaggle.py for tasks to queue
[2026-03-20T13:59:14.719+0000] {logging_mixin.py:190} INFO - [2026-03-20T13:59:14.718+0000] {dagbag.py:588} INFO - Filling up the DagBag from /opt/airflow/dags/dag_parsing_kaggle.py
[2026-03-20T13:59:16.021+0000] {processor.py:925} INFO - DAG(s) 'dag_parsing_kaggle' retrieved from /opt/airflow/dags/dag_parsing_kaggle.py
[2026-03-20T13:59:16.341+0000] {logging_mixin.py:190} INFO - [2026-03-20T13:59:16.340+0000] {override.py:1932} INFO - Created Permission View: can read on DAG:dag_parsing_kaggle
[2026-03-20T13:59:16.349+0000] {logging_mixin.py:190} INFO - [2026-03-20T13:59:16.349+0000] {override.py:1932} INFO - Created Permission View: can delete on DAG:dag_parsing_kaggle
[2026-03-20T13:59:16.353+0000] {logging_mixin.py:190} INFO - [2026-03-20T13:59:16.353+0000] {override.py:1932} INFO - Created Permission View: can edit on DAG:dag_parsing_kaggle
[2026-03-20T13:59:16.358+0000] {logging_mixin.py:190} INFO - [2026-03-20T13:59:16.358+0000] {override.py:1932} INFO - Created Permission View: can read on DAG Run:dag_parsing_kaggle
[2026-03-20T13:59:16.368+0000] {logging_mixin.py:190} INFO - [2026-03-20T13:59:16.367+0000] {override.py:1932} INFO - Created Permission View: menu access on DAG Run:dag_parsing_kaggle
[2026-03-20T13:59:16.372+0000] {logging_mixin.py:190} INFO - [2026-03-20T13:59:16.372+0000] {override.py:1932} INFO - Created Permission View: can create on DAG Run:dag_parsing_kaggle
[2026-03-20T13:59:16.378+0000] {logging_mixin.py:190} INFO - [2026-03-20T13:59:16.377+0000] {override.py:1932} INFO - Created Permission View: can delete on DAG Run:dag_parsing_kaggle
[2026-03-20T13:59:16.378+0000] {logging_mixin.py:190} INFO - [2026-03-20T13:59:16.378+0000] {dag.py:3239} INFO - Sync 1 DAGs
[2026-03-20T13:59:16.384+0000] {logging_mixin.py:190} INFO - [2026-03-20T13:59:16.384+0000] {dag.py:3262} INFO - Creating ORM DAG for dag_parsing_kaggle
[2026-03-20T13:59:16.384+0000] {logging_mixin.py:190} INFO - [2026-03-20T13:59:16.384+0000] {dag.py:4180} INFO - Setting next_dagrun for dag_parsing_kaggle to None, run_after=None
[2026-03-20T13:59:16.394+0000] {processor.py:208} INFO - Processing /opt/airflow/dags/dag_parsing_kaggle.py took 1.682 seconds
[2026-03-20T13:59:46.540+0000] {processor.py:186} INFO - Started process (PID=71) to work on /opt/airflow/dags/dag_parsing_kaggle.py
[2026-03-20T13:59:46.541+0000] {processor.py:914} INFO - Processing file /opt/airflow/dags/dag_parsing_kaggle.py for tasks to queue
[2026-03-20T13:59:46.544+0000] {logging_mixin.py:190} INFO - [2026-03-20T13:59:46.544+0000] {dagbag.py:588} INFO - Filling up the DagBag from /opt/airflow/dags/dag_parsing_kaggle.py
[2026-03-20T13:59:46.865+0000] {processor.py:925} INFO - DAG(s) 'dag_parsing_kaggle' retrieved from /opt/airflow/dags/dag_parsing_kaggle.py
[2026-03-20T13:59:46.891+0000] {logging_mixin.py:190} INFO - [2026-03-20T13:59:46.890+0000] {dag.py:3239} INFO - Sync 1 DAGs
[2026-03-20T13:59:46.901+0000] {logging_mixin.py:190} INFO - [2026-03-20T13:59:46.901+0000] {dag.py:4180} INFO - Setting next_dagrun for dag_parsing_kaggle to None, run_after=None
[2026-03-20T13:59:46.914+0000] {processor.py:208} INFO - Processing /opt/airflow/dags/dag_parsing_kaggle.py took 0.380 seconds
[2026-03-20T14:00:16.960+0000] {processor.py:186} INFO - Started process (PID=96) to work on /opt/airflow/dags/dag_parsing_kaggle.py
[2026-03-20T14:00:16.961+0000] {processor.py:914} INFO - Processing file /opt/airflow/dags/dag_parsing_kaggle.py for tasks to queue
[2026-03-20T14:00:16.965+0000] {logging_mixin.py:190} INFO - [2026-03-20T14:00:16.964+0000] {dagbag.py:588} INFO - Filling up the DagBag from /opt/airflow/dags/dag_parsing_kaggle.py
[2026-03-20T14:00:17.283+0000] {processor.py:925} INFO - DAG(s) 'dag_parsing_kaggle' retrieved from /opt/airflow/dags/dag_parsing_kaggle.py
[2026-03-20T14:00:17.303+0000] {logging_mixin.py:190} INFO - [2026-03-20T14:00:17.302+0000] {dag.py:3239} INFO - Sync 1 DAGs
[2026-03-20T14:00:17.317+0000] {logging_mixin.py:190} INFO - [2026-03-20T14:00:17.317+0000] {dag.py:4180} INFO - Setting next_dagrun for dag_parsing_kaggle to None, run_after=None
[2026-03-20T14:00:17.333+0000] {processor.py:208} INFO - Processing /opt/airflow/dags/dag_parsing_kaggle.py took 0.377 seconds
